Date,Bs.
2024-08-31 13:52,10.75
2024-09-05 07:38,10.46
2024-09-07 09:52,10.22
2024-09-11 05:14,10.58
2024-09-13 00:15,10.67
2024-09-14 16:43,10.57
2024-09-19 09:38,10.55
2024-09-25 08:44,10.63
2024-09-28 04:50,10.54
2024-10-02 12:46,10.51
2024-10-08 06:45,10.57
2024-10-18 07:15,10.63
2024-10-28 05:20,10.58
2024-11-07 06:42,10.57
2024-11-18 11:37,10.91
2024-11-20 14:52,11.39
2024-11-22 06:30,12.03
2024-11-23 16:45,11.75
2024-11-25 08:48,11.49
2024-11-27 03:30,11.12
2024-12-02 04:15,11.11
2024-12-08 15:39,11.12
2024-12-19 09:00,11.22
2024-12-22 14:49,11.12
2025-01-02 08:10,11.18
2025-01-10 06:26,11.2
2025-01-14 16:10,11.31
2025-01-19 19:30,11.39
2025-01-22 09:40,11.31
2025-01-29 13:09,11.22
2025-02-04 00:35,11.19
2025-02-13 19:41,11.25
2025-02-24 14:35,11.36
2025-03-01 03:20,11.3
2025-03-08 15:45,11.29
2025-03-10 20:35,11.39
2025-03-11 13:37,11.68
2025-03-12 10:13,11.95
2025-03-13 03:04,12.29
2025-03-13 11:33,12.27
2025-03-13 22:50,12.22
2025-03-14 07:56,11.9
2025-03-14 15:03,11.78
2025-03-15 06:20,11.75
2025-03-16 07:23,11.87
2025-03-17 03:57,11.82
2025-03-17 14:26,11.83
2025-03-18 09:13,11.89
2025-03-19 09:14,11.98
2025-03-20 15:10,12.05
2025-03-24 18:48,12.15
2025-03-26 05:46,12.31
2025-03-26 21:35,12.4
2025-03-27 14:10,12.42
2025-03-29 05:02,12.41
2025-04-01 09:39,12.51
2025-04-02 12:20,12.69
2025-04-03 07:35,12.79
2025-04-04 05:04,12.85
2025-04-06 10:38,12.93
2025-04-07 14:45,13.06
2025-04-08 22:05,13.33
2025-04-09 19:56,13.43
2025-04-10 15:11,13.52
2025-04-11 19:17,13.4
2025-04-13 00:50,13.42
2025-04-14 03:38,13.43
2025-04-16 07:13,13.48
2025-04-17 12:50,13.51
2025-04-19 10:02,13.48
2025-04-20 15:18,13.52
2025-04-22 11:02,13.58
2025-04-23 14:30,13.66
2025-04-24 06:49,14.46
2025-04-24 14:01,14.15
2025-04-25 00:50,14.2
2025-04-25 11:28,14.21
2025-04-25 22:35,14.23
2025-04-27 00:05,14.44
2025-04-27 21:57,14.6
2025-04-28 13:16,14.91
2025-04-29 05:16,15.22
2025-04-30 04:49,15.27
2025-04-30 20:50,15.36
2025-05-01 09:20,15.3
2025-05-01 22:35,15.28
2025-05-02 13:31,15.21
2025-05-03 10:29,15.17
2025-05-04 01:05,15.2
2025-05-05 09:02,15.18
2025-05-06 07:35,15.26
2025-05-07 12:55,15.36
2025-05-08 10:15,15.47
2025-05-10 11:21,15.46
2025-05-11 21:05,15.55
2025-05-12 18:22,15.76
2025-05-13 09:08,15.98
2025-05-13 19:26,16.3
2025-05-14 08:05,16.69
2025-05-14 15:57,17.49
2025-05-15 01:20,18.14
2025-05-15 08:28,17.8
2025-05-15 15:42,18.18
2025-05-16 01:10,17.99
2025-05-16 10:45,17.78
2025-05-16 18:50,17.73
2025-05-17 06:49,17.47
2025-05-17 15:30,17.54
2025-05-18 03:35,17.52
2025-05-18 13:17,17.86
2025-05-18 23:15,17.74
2025-05-19 09:50,17.54
2025-05-19 19:45,17.51
2025-05-20 11:57,17.47
2025-05-22 15:50,17.39
2025-05-23 10:55,17.26
2025-05-23 17:05,16.87
2025-05-24 00:05,16.62
2025-05-24 07:08,16.61
2025-05-24 14:35,16.57
2025-05-25 03:20,16.55
2025-05-25 17:08,16.57
2025-05-26 06:15,16.4
2025-05-26 19:40,16.32
2025-05-27 12:06,16.31
2025-05-28 02:30,16.33
2025-05-28 15:15,16.49
2025-05-29 07:50,16.56
2025-05-29 15:54,16.52
2025-05-30 11:08,16.44
2025-05-31 05:45,16.36
2025-05-31 17:25,16.39
2025-06-01 17:58,16.37
2025-06-02 23:45,16.35
2025-06-04 02:20,16.36
2025-06-07 16:16,16.31
2025-06-09 10:35,16.29
2025-06-11 23:45,16.33
2025-06-15 04:20,16.3
2025-06-18 05:55,16.28
2025-06-20 02:10,15.99
2025-06-20 09:25,16.15
2025-06-21 03:20,16
2025-06-21 17:29,16.01
2025-06-22 16:30,16.07
2025-06-23 10:03,16.03
2025-06-24 22:45,16
2025-06-27 08:33,15.88
2025-06-28 02:15,15.76
2025-06-28 14:01,15.57
2025-06-30 06:51,15.19
2025-06-30 15:00,14.96
2025-07-01 05:26,14.68
2025-07-01 13:18,14.24
2025-07-01 21:43,14.29
2025-07-02 07:39,14.7
2025-07-02 12:23,15.13
2025-07-02 18:00,15.22
2025-07-03 07:15,15.17
2025-07-03 16:15,15.2
2025-07-04 14:56,15.15
2025-07-05 08:10,15.03
2025-07-05 18:53,15.06
2025-07-06 14:02,15.14
2025-07-07 00:53,15.09
2025-07-09 05:10,15.07
2025-07-10 11:05,14.97
2025-07-11 07:57,14.79
2025-07-12 06:44,14.7
2025-07-12 18:57,14.78
2025-07-13 20:05,14.89
2025-07-14 08:20,14.71
2025-07-14 16:41,14.67
2025-07-15 12:26,14.66
2025-07-16 09:47,14.62
2025-07-18 03:40,14.48
2025-07-18 14:15,14.32
2025-07-19 12:39,14.34
2025-07-20 16:25,14.32
2025-07-21 11:25,14.22
2025-07-22 04:45,14.11
2025-07-22 12:45,13.95
2025-07-23 06:00,13.66
2025-07-23 12:25,13.59
2025-07-24 05:00,13.39
2025-07-24 10:58,13.21
2025-07-25 03:50,13.14
2025-07-25 13:00,13.11
2025-07-26 09:32,13.13
2025-07-27 14:57,13.18
2025-07-28 11:30,13.76
2025-07-28 17:59,14.39
2025-07-29 03:15,14.06
2025-07-29 09:08,13.8
2025-07-29 15:21,13.82
2025-07-30 05:15,13.81
2025-07-30 15:04,13.9
2025-07-31 11:10,13.88
2025-08-01 12:00,13.81
2025-08-03 20:45,13.78
2025-08-04 14:20,13.67
2025-08-05 14:30,13.63
2025-08-06 13:45,13.46
2025-08-07 09:25,13.32
2025-08-08 08:20,13.25
2025-08-09 05:05,13.26
2025-08-10 13:19,13.37
2025-08-10 21:40,13.36
2025-08-11 15:05,13.43
2025-08-12 14:50,13.59
2025-08-13 06:00,13.64
2025-08-13 14:30,13.49
2025-08-14 02:00,13.48
2025-08-14 11:55,13.54
2025-08-15 03:10,13.52
2025-08-15 12:00,13.59
2025-08-16 14:29,13.83
2025-08-16 23:25,14
2025-08-17 08:28,13.68
2025-08-17 15:49,13.61
2025-08-18 02:50,13.51
2025-08-18 13:41,13.45
2025-08-20 07:44,13.38
2025-08-22 06:53,13.31
2025-08-23 09:14,13.26
2025-08-24 20:50,13.27
2025-08-26 07:10,13.21
2025-08-27 07:35,13.1
2025-08-27 17:25,12.94
2025-08-28 11:10,12.66
2025-08-28 19:37,12.46
2025-08-29 07:05,12.4
2025-08-30 04:30,12.28
2025-08-30 14:28,12.15
2025-08-31 04:24,12.13
2025-08-31 11:35,12.12
2025-09-01 08:10,11.93
2025-09-01 16:17,11.68
2025-09-02 03:00,11.39
2025-09-02 10:30,11.06
2025-09-02 19:15,11.2
2025-09-03 06:44,11.6
2025-09-03 13:09,12.31
2025-09-03 19:09,12.75
2025-09-04 03:45,12.53
2025-09-04 10:39,12.58
2025-09-05 04:56,12.42
2025-09-05 14:21,12.13
2025-09-05 22:30,12.12
2025-09-06 09:10,12.13
2025-09-07 03:05,12.17
2025-09-07 19:14,12.24
2025-09-08 12:52,12.33
2025-09-09 01:20,12.39
2025-09-09 16:10,12.35
2025-09-10 16:55,12.58
2025-09-11 10:45,12.76
2025-09-11 17:37,12.8
2025-09-12 04:44,12.73
2025-09-12 18:21,12.68
2025-09-13 09:07,12.65
2025-09-14 14:04,12.71
2025-09-15 12:25,12.76
2025-09-18 05:03,12.66
2025-09-19 04:15,12.59
2025-09-20 03:40,12.53
2025-09-21 11:15,12.62
2025-09-22 04:50,12.64
2025-09-23 07:45,12.59
2025-09-25 04:50,12.57
2025-09-29 07:25,12.58
2025-10-01 08:45,12.52
2025-10-04 06:50,12.41
2025-10-05 01:25,12.35
2025-10-06 11:56,12.32
2025-10-07 12:50,12.59
2025-10-07 16:37,12.58
2025-10-07 19:42,12.61
2025-10-08 06:08,12.6
2025-10-09 09:21,12.62
2025-10-10 09:02,12.78
2025-10-10 11:34,12.83
2025-10-10 14:50,13.04
2025-10-10 16:45,13.07
2025-10-10 18:49,13.02
2025-10-11 05:12,12.89
2025-10-11 08:05,12.93
2025-10-12 11:48,13.03
2025-10-12 19:08,12.97
2025-10-13 08:44,12.92
2025-10-14 14:49,12.94
2025-10-15 11:46,12.86
2025-10-16 04:32,12.75
2025-10-16 08:33,12.85
2025-10-16 14:09,12.88
2025-10-17 10:42,12.81
2025-10-17 14:09,12.77
2025-10-18 08:15,12.81
2025-10-18 18:31,13
2025-10-19 03:22,12.87
2025-10-19 09:22,12.96
2025-10-19 16:05,13.58
2025-10-19 17:33,13.19
2025-10-20 03:40,12.98
2025-10-20 05:56,12.85
2025-10-20 15:22,12.77
2025-10-21 05:33,12.79
2025-10-21 13:33,12.83
2025-10-22 13:23,12.8
2025-10-23 09:22,12.72
2025-10-23 16:11,12.65
2025-10-24 01:46,12.64
2025-10-24 11:17,12.6
2025-10-25 05:22,12.55
2025-10-26 13:00,12.68
2025-10-26 17:05,12.6
2025-10-27 06:26,12.56
2025-10-28 05:20,12.45
2025-10-28 10:09,12.34
2025-10-28 13:23,12.33
2025-10-28 22:32,12.3
2025-10-29 04:36,12.22
2025-10-29 06:31,12.07
2025-10-29 08:30,12.11
2025-10-29 11:22,12.13
2025-10-29 15:49,12.07
2025-10-30 02:14,12.05
2025-10-30 06:09,12.1
2025-10-30 11:33,12
2025-10-30 18:59,11.95
2025-10-31 04:14,11.72
2025-10-31 06:58,11.5
2025-10-31 08:20,11.31
2025-10-31 10:42,11.55
2025-10-31 13:04,11.48
2025-10-31 14:38,11.4
2025-10-31 23:22,11.42
2025-11-01 06:09,11.4
2025-11-01 09:50,11.48
2025-11-01 13:41,11.47
2025-11-01 18:36,11.44
2025-11-02 11:08,11.45
2025-11-03 05:58,11.55
2025-11-03 08:14,11.57
2025-11-03 20:38,11.46
2025-11-04 05:01,11.39
2025-11-04 08:28,11.45
2025-11-05 07:30,11.36
2025-11-05 12:33,11.23
2025-11-05 16:30,11.15
2025-11-06 04:58,10.99
2025-11-06 07:42,10.74
2025-11-06 09:26,10.71
2025-11-06 15:52,10.68
2025-11-07 00:18,10.69
2025-11-07 04:43,10.65
2025-11-07 07:33,10.64
2025-11-07 22:01,10.68
2025-11-08 08:09,10.67
2025-11-08 15:07,10.59
2025-11-09 04:42,10.49
2025-11-09 08:53,10.51
2025-11-10 00:14,10.5
2025-11-10 08:01,10.32
2025-11-10 11:33,10.17
2025-11-10 13:16,10.22
2025-11-10 13:44,10.23
2025-11-10 14:58,10.26
2025-11-10 16:43,10.22
2025-11-10 21:38,10.19
2025-11-11 03:46,10.16
2025-11-11 04:54,10.07
2025-11-11 05:26,10.05
2025-11-11 06:13,10.03
2025-11-11 08:09,9.97
2025-11-11 08:53,10.04
2025-11-11 09:41,10.11
2025-11-11 11:40,10.18
2025-11-11 12:26,10.17
2025-11-11 15:40,10.12
2025-11-11 17:33,10.09
2025-11-11 20:58,10.11
2025-11-12 02:26,10.08
2025-11-12 04:44,10.07
2025-11-12 07:38,10.08
2025-11-12 11:14,10.15
2025-11-12 12:05,10.14
2025-11-12 13:50,10.13
2025-11-12 17:05,10.12
2025-11-13 05:15,10.16
2025-11-13 06:17,10.24
2025-11-13 06:58,10.23
2025-11-13 09:58,10.4
2025-11-13 10:39,10.44
2025-11-13 11:38,10.47
2025-11-13 12:27,10.63
2025-11-13 13:03,10.66
2025-11-13 13:30,10.59
2025-11-13 13:52,10.55
2025-11-13 15:06,10.5
2025-11-13 16:14,10.44
2025-11-13 18:02,10.54
2025-11-13 23:30,10.62
2025-11-14 01:14,10.59
2025-11-14 04:05,10.58
2025-11-14 06:28,10.66
2025-11-14 07:24,10.78
2025-11-14 07:46,10.8
2025-11-14 09:33,10.77
2025-11-14 10:26,10.68
2025-11-14 11:29,10.65
2025-11-14 11:56,10.64
2025-11-14 14:07,10.67
2025-11-14 17:28,10.64
2025-11-14 21:05,10.63
2025-11-15 02:54,10.57
2025-11-15 04:26,10.52
2025-11-15 05:11,10.47
2025-11-15 05:50,10.48
2025-11-15 09:02,10.4
2025-11-15 10:52,10.33
2025-11-15 12:25,10.35
2025-11-15 14:21,10.37
2025-11-15 18:44,10.4
2025-11-15 20:36,10.45
2025-11-16 02:05,10.41
2025-11-16 05:50,10.37
2025-11-16 09:19,10.38
2025-11-16 11:08,10.4
2025-11-16 14:13,10.44
2025-11-16 17:14,10.48
2025-11-16 18:55,10.55
2025-11-16 23:22,10.58
2025-11-17 02:22,10.48
2025-11-17 05:22,10.44
2025-11-17 07:09,10.5
2025-11-17 07:54,10.48
2025-11-17 09:30,10.45
2025-11-17 11:35,10.48
2025-11-17 14:00,10.49
2025-11-17 20:10,10.51
2025-11-18 07:02,10.48
2025-11-18 09:38,10.47
2025-11-18 13:02,10.42
2025-11-18 14:09,10.32
2025-11-18 14:46,10.27
2025-11-18 15:53,10.2
2025-11-18 17:07,10.18
2025-11-18 18:31,10.15
2025-11-18 20:14,10.12
2025-11-18 21:42,10.2
2025-11-19 01:09,10.21
2025-11-19 03:58,10.24
2025-11-19 04:59,10.3
2025-11-19 05:33,10.21
2025-11-19 07:20,10.23
2025-11-19 08:05,10.29
2025-11-19 09:13,10.33
2025-11-19 10:58,10.38
2025-11-19 20:05,10.48
2025-11-19 22:54,10.47
2025-11-20 01:46,10.39
2025-11-20 10:03,10.43
2025-11-20 13:18,10.41
2025-11-20 19:18,10.44
2025-11-21 02:22,10.43
2025-11-21 10:14,10.37
2025-11-21 14:26,10.38
2025-11-21 19:04,10.39
2025-11-22 09:02,10.43
2025-11-22 12:17,10.39
2025-11-23 08:50,10.38
2025-11-23 13:05,10.39
2025-11-23 18:46,10.41
2025-11-23 21:54,10.43
2025-11-24 01:22,10.42
2025-11-24 05:35,10.41
2025-11-24 12:14,10.43
2025-11-24 19:00,10.48
2025-11-24 21:59,10.46
2025-11-25 07:37,10.41
2025-11-25 11:50,10.4
2025-11-25 16:22,10.39
2025-11-25 19:27,10.4
2025-11-26 04:58,10.38
2025-11-26 11:46,10.35
2025-11-26 20:38,10.31
2025-11-27 06:14,10.27
2025-11-27 07:54,10.26
2025-11-27 10:27,10.22
2025-11-27 14:30,10.24
2025-11-27 19:02,10.26
2025-11-28 03:03,10.23
2025-11-28 09:26,10.21
2025-11-28 15:26,10.18
2025-11-29 05:58,10.15
2025-11-29 08:18,10.13
2025-11-29 17:22,10.15
2025-11-30 00:22,10.13
2025-11-30 06:46,10.12
2025-11-30 15:16,10.13
2025-11-30 18:57,10.16
2025-12-01 04:05,10.17
2025-12-01 06:44,10.19
2025-12-01 09:15,10.15
2025-12-01 13:22,10.11
2025-12-01 15:55,10.02
2025-12-01 16:20,10.05
2025-12-01 16:50,10
2025-12-02 02:22,9.91
2025-12-02 03:42,9.96
2025-12-02 04:50,9.81
2025-12-02 05:42,9.84
2025-12-02 07:38,9.94
2025-12-02 08:41,9.86
2025-12-02 10:03,9.8
2025-12-02 12:39,9.76
2025-12-02 13:29,9.71
2025-12-02 14:33,9.68
2025-12-02 18:18,9.75
2025-12-02 22:14,9.77
2025-12-03 02:46,9.69
2025-12-03 05:18,9.68
2025-12-03 11:03,9.67
2025-12-03 15:26,9.7
2025-12-03 17:31,9.73
2025-12-03 20:50,9.77
2025-12-04 00:30,9.74
2025-12-04 04:18,9.69
2025-12-04 08:19,9.65
2025-12-04 11:38,9.68
2025-12-04 14:35,9.69
2025-12-05 02:05,9.67
2025-12-05 06:37,9.61
2025-12-05 08:22,9.54
2025-12-05 09:05,9.51
2025-12-05 10:36,9.52
2025-12-05 11:48,9.51
2025-12-06 07:48,9.56
2025-12-06 12:30,9.52
2025-12-06 16:38,9.53
2025-12-07 13:35,9.54
2025-12-08 06:38,9.53
2025-12-09 03:46,9.5
2025-12-09 05:14,9.47
2025-12-09 07:59,9.43
2025-12-09 09:29,9.37
2025-12-09 10:28,9.39
2025-12-09 12:22,9.44
2025-12-09 14:47,9.41
2025-12-09 23:14,9.42
2025-12-10 07:58,9.38
2025-12-10 10:42,9.36
2025-12-10 13:05,9.37
2025-12-10 16:16,9.33
2025-12-10 21:14,9.32
2025-12-11 04:22,9.29
2025-12-11 07:05,9.17
2025-12-11 07:58,9.18
2025-12-11 14:14,9.16
2025-12-11 18:36,9.14
2025-12-11 21:14,9.16
2025-12-12 07:44,9.17
2025-12-12 09:50,9.14
2025-12-12 10:39,9.15
2025-12-12 12:33,9.18
2025-12-12 16:27,9.19
2025-12-13 02:30,9.17
2025-12-13 06:38,9.16
2025-12-13 08:18,9.18
2025-12-13 09:50,9.2
2025-12-14 01:30,9.22
2025-12-14 03:05,9.32
2025-12-14 04:07,9.24
2025-12-14 05:46,9.2
2025-12-14 08:14,9.18
2025-12-14 21:38,9.19
2025-12-15 01:46,9.18
2025-12-15 05:26,9.15
2025-12-15 09:05,9.16
2025-12-15 12:41,9.21
2025-12-15 13:36,9.18
2025-12-15 20:54,9.19
2025-12-16 09:38,9.23
2025-12-16 12:58,9.29
2025-12-16 13:46,9.21
2025-12-16 15:38,9.2
2025-12-16 20:22,9.25
2025-12-17 05:32,9.23
2025-12-17 10:50,9.24
2025-12-17 14:38,9.22
2025-12-17 16:29,9.36
2025-12-17 17:58,10.51
2025-12-17 18:46,10.95
2025-12-17 19:35,10.5
2025-12-17 20:40,10.39
2025-12-17 22:16,10.71
2025-12-17 23:28,10.86
2025-12-18 01:08,10.7
2025-12-18 02:14,10.37
2025-12-18 03:14,10.23
2025-12-18 04:04,10.11
2025-12-18 04:33,10.07
2025-12-18 05:10,9.93
2025-12-18 05:38,10.09
2025-12-18 06:10,10.23
2025-12-18 06:39,10.35
2025-12-18 06:58,10.33
2025-12-18 07:22,10.29
2025-12-18 08:08,10.2
2025-12-18 08:40,10.15
2025-12-18 10:18,10.1
2025-12-18 11:02,10.02
2025-12-18 11:30,9.91
2025-12-18 11:50,9.9
2025-12-18 12:06,9.99
2025-12-18 12:30,10.03
2025-12-18 13:01,9.95
2025-12-18 14:14,9.97
2025-12-18 15:48,9.98
2025-12-18 18:02,10.04
2025-12-18 19:36,10.06
2025-12-18 23:36,10.02
2025-12-19 04:33,10.01
2025-12-19 05:54,9.97
2025-12-19 07:11,9.99
2025-12-19 11:34,9.96
2025-12-19 13:28,9.87
2025-12-19 14:34,9.84
2025-12-19 15:33,9.79
2025-12-19 16:31,9.76
2025-12-19 19:36,9.78
2025-12-20 00:04,9.75
2025-12-20 02:48,9.69
2025-12-20 04:16,9.59
2025-12-20 04:42,9.5
2025-12-20 05:46,9.6
2025-12-20 06:45,9.69
2025-12-20 07:02,9.7
2025-12-20 07:36,9.63
2025-12-20 08:10,9.67
2025-12-20 09:24,9.71
2025-12-20 10:08,9.7
2025-12-20 11:42,9.69
2025-12-20 13:28,9.67
2025-12-20 14:45,9.64
2025-12-20 19:28,9.68
2025-12-21 01:08,9.66
2025-12-21 03:54,9.65
2025-12-21 19:28,9.69
2025-12-22 00:40,9.68
2025-12-22 06:33,9.63
2025-12-22 07:42,9.59
2025-12-22 08:45,9.62
2025-12-22 11:30,9.61
2025-12-22 14:47,9.57
2025-12-23 03:52,9.53
2025-12-23 05:52,9.54
2025-12-23 06:48,9.55
2025-12-23 08:45,9.52
2025-12-23 11:41,9.51
2025-12-23 15:26,9.47
2025-12-23 19:20,9.48
2025-12-24 03:08,9.45
2025-12-24 07:08,9.47
2025-12-24 10:04,9.49
2025-12-24 11:30,9.48
2025-12-25 03:33,9.47
2025-12-25 07:06,9.49
2025-12-25 09:56,9.5
2025-12-25 14:12,9.55
2025-12-25 17:01,9.56
2025-12-25 19:29,9.59
2025-12-26 05:04,9.53
2025-12-26 08:35,9.54
2025-12-26 16:00,9.53
2025-12-27 04:28,9.56
2025-12-27 10:29,9.58
2025-12-27 12:12,9.57
2025-12-27 15:50,9.59
2025-12-28 19:48,9.66
2025-12-29 01:44,9.63
2025-12-29 05:52,9.58
2025-12-29 07:14,9.57
2025-12-29 09:35,9.56
2025-12-29 11:48,9.59
2025-12-29 19:44,9.6
2025-12-30 07:30,9.62
2025-12-30 09:12,9.66
2025-12-30 09:50,9.75
2025-12-30 10:20,9.7
2025-12-30 10:42,9.66
2025-12-30 11:35,9.64
2025-12-30 13:53,9.6
2025-12-30 17:31,9.63
2025-12-30 23:36,9.62
2025-12-31 06:06,9.63
2025-12-31 08:16,9.64
2025-12-31 11:56,9.66
2025-12-31 14:00,9.65
2025-12-31 19:31,9.67
2026-01-01 08:58,9.69
2026-01-01 10:54,9.68
2026-01-01 15:46,9.7
2026-01-01 21:40,9.73
2026-01-02 02:18,9.71
2026-01-02 05:04,9.66
2026-01-02 11:16,9.65
2026-01-02 14:33,9.6
2026-01-02 22:44,9.61
2026-01-03 04:50,9.6
2026-01-03 06:42,9.64
2026-01-03 08:56,9.67
2026-01-03 19:08,9.64
2026-01-04 12:10,9.65
2026-01-04 16:01,9.68
2026-01-05 03:02,9.66
2026-01-05 12:13,9.67
2026-01-06 06:21,9.68
2026-01-06 07:16,9.67
2026-01-06 08:19,9.68
2026-01-06 12:06,9.66
2026-01-06 14:24,9.64
2026-01-06 18:12,9.66
2026-01-07 15:20,9.68
2026-01-08 04:42,9.69
2026-01-08 06:28,9.67
2026-01-08 08:42,9.63
2026-01-08 12:16,9.64
2026-01-08 14:11,9.62
2026-01-08 18:31,9.63
2026-01-09 05:06,9.62
2026-01-09 08:10,9.63
2026-01-09 10:44,9.62
2026-01-09 12:35,9.64
2026-01-09 16:35,9.66
2026-01-10 07:04,9.67
2026-01-10 10:35,9.68
2026-01-10 15:12,9.67
2026-01-11 04:42,9.68
2026-01-12 05:13,9.66
2026-01-12 11:43,9.63
2026-01-13 04:26,9.6
2026-01-13 11:35,9.59
2026-01-13 12:17,9.6
2026-01-13 13:46,9.62
2026-01-14 06:31,9.63
2026-01-14 07:39,9.61
2026-01-14 23:00,9.6
2026-01-15 08:26,9.57
2026-01-15 12:02,9.59
2026-01-16 01:28,9.6
2026-01-16 07:10,9.58
2026-01-16 08:16,9.56
2026-01-16 13:38,9.51
2026-01-17 08:07,9.54
2026-01-17 15:45,9.58
2026-01-18 01:02,9.59
2026-01-18 06:50,9.56
2026-01-18 10:45,9.58
2026-01-19 03:39,9.57
2026-01-19 12:41,9.61
2026-01-19 20:22,9.64
2026-01-20 04:02,9.63
2026-01-20 08:18,9.59
2026-01-20 09:43,9.58
2026-01-20 15:22,9.59
2026-01-21 03:37,9.58
2026-01-21 09:28,9.55
2026-01-21 12:20,9.56
2026-01-22 02:12,9.55
2026-01-22 10:26,9.54
2026-01-22 17:18,9.55
2026-01-23 09:34,9.52
2026-01-23 13:32,9.53
2026-01-24 08:30,9.55
2026-01-24 11:34,9.56
2026-01-25 05:33,9.55
2026-01-26 05:46,9.54
2026-01-26 14:00,9.48
2026-01-26 16:06,9.46
2026-01-26 17:33,9.43
2026-01-26 19:32,9.39
2026-01-27 02:18,9.34
2026-01-27 04:04,9.37
2026-01-27 04:45,9.33
2026-01-27 08:09,9.3
2026-01-27 13:34,9.31
2026-01-27 17:58,9.28
2026-01-28 04:23,9.23
2026-01-28 11:34,9.21
2026-01-28 14:17,9.11
2026-01-28 15:34,9.03
2026-01-28 17:05,8.94
2026-01-28 18:14,9.07
2026-01-28 21:16,9.13
2026-01-28 23:51,9.09
2026-01-29 02:30,9.08
2026-01-29 03:53,9.03
2026-01-29 04:57,8.99
2026-01-29 07:51,8.95
2026-01-29 09:02,8.96
2026-01-29 12:33,8.99
2026-01-29 14:20,9.01
2026-01-29 18:40,9.04
2026-01-29 23:02,9.05
2026-01-30 03:53,9.02
2026-01-30 05:26,9.06
2026-01-30 09:53,9.07
2026-01-30 11:53,9.1
2026-01-30 12:39,9.16
2026-01-30 13:16,9.22
2026-01-30 13:55,9.19
2026-01-30 16:17,9.15
2026-01-31 02:28,9.12
2026-01-31 05:03,9.11
2026-01-31 06:45,9.12
2026-01-31 09:12,9.15
2026-01-31 11:10,9.16
2026-01-31 12:45,9.15
2026-02-01 01:08,9.13
2026-02-01 05:07,9.14
2026-02-01 06:18,9.13
2026-02-01 20:02,9.14
2026-02-02 03:30,9.13
2026-02-02 09:00,9.12
2026-02-02 10:57,9.13
2026-02-02 16:26,9.12
2026-02-03 06:55,9.13
2026-02-03 10:22,9.16
2026-02-03 13:42,9.15
2026-02-03 19:51,9.16
2026-02-03 22:49,9.17
2026-02-04 09:37,9.21
2026-02-04 10:22,9.24
2026-02-04 12:07,9.27
2026-02-04 13:05,9.28
2026-02-04 16:30,9.27
2026-02-05 04:02,9.31
2026-02-05 04:58,9.32
2026-02-05 09:52,9.29
2026-02-05 16:17,9.28
2026-02-05 22:08,9.29
2026-02-06 06:10,9.27
2026-02-06 11:43,9.25
2026-02-07 04:18,9.23
2026-02-07 06:57,9.22
2026-02-07 10:30,9.23
2026-02-07 16:46,9.22
2026-02-08 05:26,9.2
2026-02-08 08:12,9.22
2026-02-09 05:54,9.2
2026-02-09 08:39,9.16
2026-02-10 06:44,9.12
2026-02-10 09:16,9.14
2026-02-10 12:41,9.16
2026-02-10 16:08,9.15
2026-02-11 03:45,9.13
2026-02-11 09:49,9.14
2026-02-12 08:06,9.15
2026-02-12 10:30,9.17
2026-02-12 11:12,9.2
2026-02-12 11:58,9.19
2026-02-12 13:00,9.21
2026-02-12 22:10,9.2
2026-02-13 02:10,9.18
2026-02-13 08:34,9.16
2026-02-13 21:22,9.15
2026-02-14 13:05,9.14
2026-02-14 15:51,9.15
2026-02-15 06:57,9.13
2026-02-16 01:47,9.11
2026-02-16 11:22,9.07
2026-02-17 04:49,9.1
2026-02-17 14:57,9.13
2026-02-17 19:30,9.14
2026-02-18 03:51,9.11
2026-02-18 06:45,9.1
2026-02-18 09:34,9.07
2026-02-18 13:38,9.11
2026-02-18 17:26,9.12
2026-02-19 04:39,9.09
2026-02-19 07:08,9.07
2026-02-19 17:00,9.08
2026-02-20 09:55,9.09
2026-02-21 07:20,9.1
2026-02-21 14:17,9.09
2026-02-22 12:28,9.08
2026-02-23 08:22,9.07
2026-02-23 11:37,9.06
2026-02-23 15:53,9.03
2026-02-25 06:36,9.02
2026-02-25 11:00,9.04
2026-02-26 05:48,9.03
2026-02-26 13:42,9.04
2026-02-27 11:47,9.03
2026-02-28 04:45,9.04
2026-02-28 07:31,9.05
2026-02-28 08:46,9.06
2026-03-01 03:34,9.05
2026-03-01 11:39,9.07
2026-03-02 16:24,9.06
2026-03-03 03:45,9.09
2026-03-03 07:20,9.13
2026-03-03 07:57,9.12
2026-03-03 10:51,9.15
2026-03-03 13:42,9.16
2026-03-03 19:03,9.18
2026-03-04 04:37,9.27
2026-03-04 05:10,9.22
2026-03-04 05:53,9.23
2026-03-04 08:50,9.18
2026-03-04 09:40,9.19
2026-03-04 14:18,9.17
2026-03-05 04:14,9.21
2026-03-05 09:26,9.22
2026-03-05 11:34,9.23
2026-03-05 22:57,9.27
2026-03-06 01:34,9.3
2026-03-06 04:18,9.39
2026-03-06 04:41,9.38
2026-03-06 05:22,9.31
2026-03-06 06:12,9.28
2026-03-06 07:35,9.34
2026-03-06 08:30,9.35
2026-03-06 09:51,9.33
2026-03-06 12:12,9.37
2026-03-06 13:12,9.39
2026-03-06 16:47,9.38
2026-03-06 23:00,9.39
2026-03-07 02:41,9.38
2026-03-07 08:16,9.41
2026-03-07 09:43,9.56
2026-03-07 10:34,9.72
2026-03-07 11:17,9.56
2026-03-07 11:40,9.48
2026-03-07 12:11,9.54
2026-03-07 13:52,9.5
2026-03-07 15:30,9.47
2026-03-07 20:16,9.5
2026-03-08 04:51,9.55
2026-03-08 06:51,9.54
2026-03-08 07:42,9.5
2026-03-08 12:22,9.52
2026-03-08 19:49,9.57
2026-03-09 03:39,9.56
2026-03-09 05:37,9.53
2026-03-09 07:28,9.51
2026-03-09 14:26,9.46
2026-03-09 16:49,9.48
2026-03-10 03:34,9.43
2026-03-10 04:57,9.34
2026-03-10 05:51,9.35
2026-03-10 07:12,9.32
2026-03-10 09:08,9.34
2026-03-10 11:45,9.31
2026-03-10 14:08,9.28
2026-03-11 02:34,9.29
2026-03-11 06:39,9.25
2026-03-11 08:30,9.24
2026-03-11 10:14,9.23
2026-03-11 14:00,9.27
2026-03-11 19:24,9.29
2026-03-12 05:10,9.25
2026-03-12 07:24,9.23
2026-03-12 13:02,9.28
2026-03-12 16:00,9.32
2026-03-12 23:34,9.3
2026-03-13 05:34,9.29
2026-03-13 12:22,9.3
2026-03-13 13:57,9.31
2026-03-14 00:57,9.32
2026-03-14 07:30,9.37
2026-03-14 11:49,9.43
2026-03-14 13:34,9.42
2026-03-15 02:47,9.43
2026-03-15 05:09,9.42
2026-03-15 10:06,9.38
2026-03-15 16:25,9.41
2026-03-16 03:39,9.37
2026-03-16 05:56,9.3
2026-03-16 09:44,9.29
2026-03-16 11:43,9.31
2026-03-16 21:47,9.33
2026-03-17 02:14,9.3
2026-03-17 04:37,9.29
2026-03-17 06:52,9.24
2026-03-17 08:39,9.27
2026-03-17 17:17,9.28
2026-03-18 07:01,9.29
2026-03-18 13:11,9.3
2026-03-19 04:14,9.31
2026-03-19 07:16,9.29
2026-03-19 10:11,9.27
2026-03-19 12:30,9.29
2026-03-19 18:45,9.31
2026-03-20 04:37,9.29
2026-03-20 05:25,9.3
2026-03-20 13:10,9.31
2026-03-21 06:26,9.33
2026-03-21 07:30,9.37
2026-03-21 10:42,9.4
2026-03-22 15:24,9.41
2026-03-23 02:28,9.37
2026-03-23 05:00,9.34
2026-03-23 06:10,9.3
2026-03-23 07:41,9.29
2026-03-23 09:20,9.3
2026-03-24 05:45,9.29
2026-03-24 09:22,9.31
2026-03-25 04:32,9.3
2026-03-25 06:02,9.31
2026-03-25 08:02,9.3
2026-03-26 05:51,9.31
2026-03-27 03:12,9.32
2026-03-27 06:18,9.31
2026-03-27 07:41,9.33
2026-03-27 11:06,9.38
2026-03-27 12:01,9.37
2026-03-27 14:26,9.34
2026-03-27 23:49,9.35
2026-03-28 03:41,9.37
2026-03-28 12:38,9.34
2026-03-30 03:59,9.32
2026-03-31 06:26,9.34
2026-03-31 16:22,9.36
2026-04-01 04:14,9.33
2026-04-01 10:37,9.32
2026-04-01 17:41,9.33
2026-04-02 06:33,9.31
2026-04-02 17:47,9.33
2026-04-03 04:32,9.32
2026-04-03 09:41,9.33
2026-04-03 14:43,9.32
2026-04-04 09:10,9.33
2026-04-05 06:55,9.32
2026-04-05 10:37,9.33
2026-04-06 05:00,9.32
2026-04-06 08:22,9.26
2026-04-06 10:24,9.23
2026-04-06 11:51,9.27
2026-04-06 18:10,9.28
2026-04-07 04:55,9.27
2026-04-07 05:21,9.28
2026-04-07 05:45,9.29
2026-04-07 06:04,9.28
2026-04-07 09:36,9.29
2026-04-07 10:10,9.28
2026-04-07 11:37,9.29
2026-04-07 14:08,9.3
2026-04-07 15:46,9.29
2026-04-07 16:28,9.3
2026-04-08 05:10,9.29
2026-04-08 05:45,9.28
2026-04-08 06:14,9.27
2026-04-08 08:18,9.28
2026-04-08 08:53,9.27
2026-04-08 10:37,9.28
2026-04-08 12:29,9.27
2026-04-08 14:06,9.28
2026-04-08 15:06,9.27
2026-04-08 15:35,9.28
2026-04-08 18:42,9.29
2026-04-08 21:20,9.28
2026-04-09 02:37,9.29
2026-04-09 04:53,9.3
2026-04-09 09:12,9.32
2026-04-09 09:22,9.33
2026-04-09 10:39,9.32
2026-04-09 12:09,9.31
2026-04-09 12:57,9.32
2026-04-09 15:02,9.31
2026-04-09 15:20,9.32
2026-04-09 17:08,9.31
2026-04-10 05:30,9.3
2026-04-10 06:00,9.31
2026-04-10 07:12,9.32
2026-04-10 08:02,9.31
2026-04-10 08:12,9.32
2026-04-11 05:41,9.33
2026-04-11 05:55,9.32
2026-04-11 06:07,9.33
2026-04-11 07:10,9.32
2026-04-11 09:18,9.33
2026-04-11 12:28,9.32
2026-04-11 17:38,9.33
2026-04-12 04:18,9.32
2026-04-12 05:47,9.31
2026-04-12 06:55,9.32
2026-04-12 07:14,9.31
2026-04-12 08:37,9.32
2026-04-12 08:57,9.31
2026-04-12 09:10,9.32
2026-04-12 09:23,9.31
2026-04-12 10:12,9.32
2026-04-12 18:41,9.33
2026-04-12 19:53,9.33
2026-04-13 03:34,9.32
2026-04-13 05:34,9.31
2026-04-13 07:51,9.3
2026-04-13 08:02,9.31
2026-04-13 10:16,9.32
2026-04-13 11:02,9.31
2026-04-13 11:20,9.32
2026-04-13 11:28,9.33
2026-04-13 13:28,9.32
2026-04-13 13:53,9.33
2026-04-13 14:02,9.32
2026-04-13 14:53,9.33
2026-04-14 03:16,9.34
2026-04-14 04:22,9.33
2026-04-14 09:44,9.35
2026-04-14 12:18,9.37
2026-04-14 13:00,9.38
2026-04-14 13:24,9.37
2026-04-14 13:43,9.38
2026-04-14 14:39,9.37
2026-04-14 15:44,9.36
2026-04-14 16:10,9.37
2026-04-15 02:57,9.38
2026-04-15 05:05,9.39
2026-04-15 07:28,9.4
2026-04-15 09:49,9.41
2026-04-15 10:41,9.4
2026-04-15 11:08,9.41
2026-04-15 14:13,9.4
2026-04-15 19:18,9.41
2026-04-15 21:43,9.42
2026-04-15 23:34,9.41
2026-04-16 06:06,9.43
2026-04-16 06:34,9.45
2026-04-16 07:00,9.46
2026-04-16 07:25,9.44
2026-04-16 09:10,9.42
2026-04-16 09:55,9.4
2026-04-16 10:24,9.39
2026-04-16 11:20,9.38
2026-04-16 11:55,9.37
2026-04-16 13:04,9.38
2026-04-16 13:47,9.39
2026-04-16 14:55,9.4
2026-04-17 03:10,9.41
2026-04-17 04:26,9.4
2026-04-17 04:48,9.41
2026-04-17 06:47,9.42
2026-04-17 09:47,9.43
2026-04-17 10:32,9.44
2026-04-17 11:28,9.47
2026-04-17 13:04,9.48
2026-04-17 14:12,9.5
2026-04-18 05:08,9.51
2026-04-18 07:14,9.52
2026-04-18 07:44,9.51
2026-04-18 09:57,9.52
2026-04-18 11:38,9.53
2026-04-18 11:59,9.52
2026-04-18 13:11,9.51
2026-04-19 08:12,9.5
2026-04-19 13:33,9.52
2026-04-19 14:27,9.51
2026-04-19 18:32,9.52
2026-04-20 05:20,9.53
2026-04-20 06:28,9.54
2026-04-20 06:49,9.53
2026-04-20 07:47,9.52
2026-04-20 08:34,9.5
2026-04-20 09:06,9.49
2026-04-20 10:37,9.46
2026-04-20 11:22,9.44
2026-04-20 13:16,9.46
2026-04-20 14:26,9.49
2026-04-20 19:51,9.5
2026-04-21 04:24,9.49
2026-04-21 07:04,9.5
2026-04-21 08:53,9.51
2026-04-21 10:28,9.5
2026-04-21 10:34,9.51
2026-04-21 10:49,9.5
2026-04-21 11:14,9.51
2026-04-21 13:18,9.53
2026-04-21 20:26,9.54
2026-04-22 05:53,9.53
2026-04-22 10:25,9.54
2026-04-22 12:03,9.55
2026-04-22 12:24,9.57
2026-04-22 13:06,9.58
2026-04-22 13:22,9.57
2026-04-22 14:18,9.59
2026-04-22 17:22,9.61
2026-04-22 18:46,9.67
2026-04-22 19:10,9.7
2026-04-22 19:34,9.66
2026-04-22 20:55,9.65
2026-04-22 21:26,9.67
2026-04-23 02:28,9.68
2026-04-23 05:34,9.66
2026-04-23 06:00,9.63
2026-04-23 06:08,9.61
2026-04-23 06:37,9.6
2026-04-23 07:02,9.64
2026-04-23 07:10,9.66
2026-04-23 07:36,9.65
2026-04-23 07:55,9.64
2026-04-23 09:51,9.65
2026-04-23 10:26,9.64
2026-04-23 11:12,9.65
2026-04-23 12:43,9.66
2026-04-23 13:57,9.67
2026-04-23 14:50,9.68
2026-04-23 15:08,9.69
2026-04-23 16:31,9.68
2026-04-23 16:48,9.71
2026-04-23 18:58,9.76
2026-04-23 20:22,9.75
2026-04-24 01:10,9.76
2026-04-24 02:57,9.77
2026-04-24 03:54,9.75
2026-04-24 04:29,9.73
2026-04-24 05:05,9.7
2026-04-24 05:28,9.71
2026-04-24 06:04,9.74
2026-04-24 06:51,9.76
2026-04-24 10:02,9.75
2026-04-24 10:36,9.76
2026-04-24 10:49,9.75
2026-04-24 13:16,9.74
2026-04-24 15:51,9.73
2026-04-24 17:06,9.74
2026-04-25 00:43,9.75
2026-04-25 01:41,9.73
2026-04-25 04:19,9.74
2026-04-25 05:43,9.72
2026-04-25 07:16,9.74
2026-04-25 08:30,9.76
2026-04-25 09:59,9.75
2026-04-25 10:32,9.76
2026-04-25 13:53,9.77
2026-04-25 16:35,9.78
2026-04-26 00:30,9.77
2026-04-26 04:51,9.76
2026-04-26 08:26,9.77
2026-04-26 08:39,9.76
2026-04-26 14:35,9.75
2026-04-27 05:04,9.76
2026-04-27 06:55,9.75
2026-04-27 08:05,9.76
2026-04-27 08:49,9.77
2026-04-27 09:24,9.79
2026-04-27 09:42,9.8
2026-04-27 10:14,9.81
2026-04-27 10:30,9.8
2026-04-27 11:22,9.79
2026-04-27 11:45,9.81
2026-04-27 12:47,9.84
2026-04-27 12:57,9.88
2026-04-27 13:03,9.91
2026-04-27 13:10,9.94
2026-04-27 13:15,9.91
2026-04-27 13:34,9.9
2026-04-27 13:43,9.86
2026-04-27 13:59,9.83
2026-04-27 14:11,9.86
2026-04-27 14:43,9.85
2026-04-27 15:05,9.84
2026-04-27 16:04,9.86
2026-04-28 00:04,9.87
2026-04-28 00:47,9.86
2026-04-28 01:22,9.87
2026-04-28 04:02,9.88
2026-04-28 05:08,9.88
2026-04-28 06:24,9.87
2026-04-28 07:49,9.9
2026-04-28 08:28,9.93
2026-04-28 08:43,9.96
2026-04-28 08:59,9.97
2026-04-28 09:57,10
2026-04-28 10:15,10.04
2026-04-28 10:31,10.03
2026-04-28 10:41,10.02
2026-04-28 12:18,10.04
2026-04-28 12:55,10.06
2026-04-28 13:18,10.07
2026-04-28 15:06,10.06
2026-04-28 15:43,10.07
2026-04-28 16:12,10.09
2026-04-28 17:23,10.1
2026-04-28 17:47,10.11
2026-04-28 17:51,10.12
2026-04-29 01:26,10.13
2026-04-29 03:16,10.16
2026-04-29 03:38,10.24
2026-04-29 03:54,10.39
2026-04-29 04:04,10.33
2026-04-29 04:10,10.38
2026-04-29 04:20,10.39
2026-04-29 04:37,10.38
2026-04-29 05:01,10.42
2026-04-29 05:16,10.46
2026-04-29 05:25,10.5
2026-04-29 05:33,10.53
2026-04-29 05:46,10.56
2026-04-29 06:05,10.59
2026-04-29 06:15,10.6
2026-04-29 06:32,10.58
2026-04-29 06:39,10.59
2026-04-29 06:46,10.55
2026-04-29 06:53,10.5
2026-04-29 07:10,10.45
2026-04-29 07:15,10.43
2026-04-29 07:34,10.38
2026-04-29 07:42,10.32
2026-04-29 07:49,10.21
2026-04-29 07:55,10.22
2026-04-29 08:00,10.39
2026-04-29 08:05,10.35
2026-04-29 08:12,10.28
2026-04-29 08:22,10.27
2026-04-29 08:30,10.24
2026-04-29 08:39,10.23
2026-04-29 09:10,10.21
2026-04-29 09:16,10.2
2026-04-29 09:32,10.24
2026-04-29 09:41,10.22
2026-04-29 09:51,10.23
2026-04-29 11:43,10.26
2026-04-29 11:55,10.3
2026-04-29 12:51,10.29
2026-04-29 14:06,10.26
2026-04-29 14:24,10.24
2026-04-29 15:17,10.22
2026-04-29 15:35,10.18
2026-04-29 15:58,10.16
2026-04-29 16:08,10.18
2026-04-29 17:21,10.17
2026-04-29 18:04,10.16
2026-04-29 19:04,10.1
2026-04-29 19:22,10.08
2026-04-29 19:40,10.1
2026-04-29 20:39,10.15
2026-04-29 21:08,10.18
2026-04-29 22:26,10.19
2026-04-30 00:20,10.17
2026-04-30 00:43,10.14
2026-04-30 01:02,10.12
2026-04-30 01:24,10.08
2026-04-30 01:47,10.06
2026-04-30 02:18,10.04
2026-04-30 02:41,10.06
2026-04-30 03:02,10.16
2026-04-30 03:20,10.18
2026-04-30 03:39,10.19
2026-04-30 04:27,10.2
2026-04-30 04:53,10.23
2026-04-30 05:02,10.24
2026-04-30 05:18,10.21
2026-04-30 05:41,10.17
2026-04-30 05:47,10.16
2026-04-30 06:02,10.12
2026-04-30 06:16,10.09
2026-04-30 06:55,10.06
2026-04-30 07:04,10.05
2026-04-30 07:43,10.06
2026-04-30 07:53,10.04
2026-04-30 08:18,10.01
2026-04-30 08:41,9.98
2026-04-30 08:49,9.94
2026-04-30 09:01,9.92
2026-04-30 09:12,9.9
2026-04-30 09:22,9.87
2026-04-30 09:32,9.92
2026-04-30 09:41,9.96
2026-04-30 10:05,10
2026-04-30 10:13,10.03
2026-04-30 10:37,10.06
2026-04-30 11:08,10.09
2026-04-30 11:32,10.11
2026-04-30 12:00,10.07
2026-04-30 12:07,10.05
2026-04-30 12:21,10.04
2026-04-30 12:45,10.03
2026-04-30 12:53,10.04
2026-04-30 13:24,10.03
2026-04-30 13:34,10.01
2026-04-30 13:49,9.98
2026-04-30 14:22,9.96
2026-04-30 14:56,9.94
2026-04-30 15:19,9.91
2026-04-30 15:30,9.88
2026-04-30 15:36,9.92
2026-04-30 15:54,9.93
2026-04-30 16:10,9.92
2026-04-30 16:21,9.9
2026-04-30 17:04,9.89
2026-04-30 17:28,9.88
2026-04-30 18:37,9.87
2026-04-30 19:12,9.86
2026-04-30 20:12,9.88
2026-04-30 20:37,9.9
2026-05-01 00:22,9.91
2026-05-01 01:20,9.9
2026-05-01 02:14,9.91
2026-05-01 03:47,9.94
2026-05-01 04:08,9.93
2026-05-01 04:18,9.97
2026-05-01 04:24,9.98
2026-05-01 04:46,9.96
2026-05-01 04:54,9.94
2026-05-01 05:10,9.9
2026-05-01 05:34,9.87
2026-05-01 05:57,9.86
2026-05-01 06:16,9.89
2026-05-01 07:08,9.87
2026-05-01 07:14,9.85
2026-05-01 07:45,9.87
2026-05-01 10:08,9.88
2026-05-01 11:30,9.89
2026-05-01 12:01,9.9
2026-05-01 13:00,9.94
2026-05-01 13:37,9.95
2026-05-01 13:55,9.93
2026-05-01 14:47,9.9
2026-05-01 16:30,9.91
2026-05-01 17:37,9.94
2026-05-01 22:55,9.95
2026-05-01 23:14,9.94
2026-05-02 00:37,9.95
2026-05-02 01:51,9.94
2026-05-02 03:20,9.92
2026-05-02 04:34,9.91
2026-05-02 05:12,9.89
2026-05-02 06:32,9.86
2026-05-02 08:04,9.87
2026-05-02 08:42,9.89
2026-05-02 11:06,9.88
2026-05-02 12:00,9.89
2026-05-02 13:41,9.88
2026-05-02 18:36,9.87
2026-05-03 04:57,9.88
2026-05-03 05:10,9.87
2026-05-03 05:34,9.86
2026-05-03 07:10,9.87
2026-05-03 07:32,9.86
2026-05-03 07:49,9.87
2026-05-03 08:04,9.86
2026-05-03 08:34,9.85
2026-05-03 08:57,9.84
2026-05-03 09:13,9.82
2026-05-03 09:24,9.8
2026-05-03 09:38,9.82
2026-05-03 10:39,9.83
2026-05-03 10:44,9.82
2026-05-03 11:04,9.81
2026-05-03 11:17,9.8
2026-05-03 11:39,9.77
2026-05-03 14:00,9.81
2026-05-03 14:33,9.83
2026-05-03 15:00,9.81
2026-05-03 16:02,9.82
2026-05-03 17:08,9.83
2026-05-03 17:59,9.84
2026-05-03 19:14,9.85
2026-05-03 20:14,9.87
2026-05-03 21:26,9.88
2026-05-04 01:55,9.87
2026-05-04 02:18,9.88
2026-05-04 02:49,9.87
2026-05-04 04:35,9.86
2026-05-04 05:02,9.87
2026-05-04 05:34,9.88
2026-05-04 06:53,9.9
2026-05-04 07:20,9.94
2026-05-04 07:45,9.96
2026-05-04 07:53,9.92
2026-05-04 08:20,9.94
2026-05-04 09:38,9.92
2026-05-04 10:20,9.93
2026-05-04 11:37,9.94
2026-05-04 11:53,9.93
2026-05-04 12:44,9.94
2026-05-04 14:52,9.95
2026-05-05 02:10,9.96
2026-05-05 02:45,9.95
2026-05-05 04:45,9.94
2026-05-05 07:08,9.95
2026-05-05 07:24,9.96
2026-05-05 07:49,9.98
2026-05-05 09:12,10
2026-05-05 09:55,10.01
2026-05-05 10:31,10.02
2026-05-05 10:46,10.01
2026-05-05 11:00,10.02
2026-05-05 11:11,10.01
2026-05-05 11:55,10.02
2026-05-05 14:07,9.99
2026-05-05 14:44,9.98
2026-05-05 15:14,9.97
2026-05-05 16:18,9.95
2026-05-05 18:25,9.98
2026-05-05 19:53,10
2026-05-05 21:32,10.01
2026-05-06 00:00,10
2026-05-06 02:22,10.01
2026-05-06 03:37,10.02
2026-05-06 04:14,10
2026-05-06 04:53,9.98
2026-05-06 05:16,9.97
2026-05-06 05:29,9.98
2026-05-06 06:02,9.97
2026-05-06 08:14,10
2026-05-06 09:36,9.99
2026-05-06 10:06,10
2026-05-06 10:16,10.01
2026-05-06 11:18,10
2026-05-06 12:09,10.01
2026-05-06 15:45,10
2026-05-06 17:06,10.01
2026-05-06 17:41,10
2026-05-06 18:23,10.01
2026-05-07 03:24,10.02
2026-05-07 05:24,10.01
2026-05-07 07:28,10.02
2026-05-07 10:45,10.03
2026-05-07 11:55,10.02
2026-05-07 13:52,10.03
2026-05-07 18:34,10.04
2026-05-07 19:30,10.03
2026-05-07 19:55,10.04
2026-05-08 05:29,10.05
2026-05-08 06:43,10.07
2026-05-08 07:14,10.08
2026-05-08 07:33,10.07
2026-05-08 07:48,10.08
2026-05-08 08:26,10.07
2026-05-08 09:04,10.05
2026-05-08 09:24,10.04
2026-05-08 09:29,10.05
2026-05-08 09:42,10.04
2026-05-08 10:40,10.02
2026-05-08 11:04,10.03
2026-05-08 11:21,10.04
2026-05-08 13:57,10.03
2026-05-08 15:12,10.02
2026-05-08 16:53,10.01
2026-05-09 00:16,10.02
2026-05-09 01:06,10.01
2026-05-09 01:41,10.02
2026-05-09 02:14,10.01
2026-05-09 03:26,10
2026-05-09 05:20,9.98
2026-05-09 05:43,9.96
2026-05-09 06:10,9.97
2026-05-09 06:53,9.99
2026-05-09 08:09,9.97
2026-05-09 08:58,9.98
2026-05-09 10:00,9.97
2026-05-09 12:05,9.98
2026-05-09 12:43,9.97
2026-05-09 13:22,9.96
2026-05-09 14:32,9.97
2026-05-09 15:13,9.95
2026-05-09 16:51,9.96
2026-05-09 23:06,9.98
2026-05-09 23:55,9.97
2026-05-10 05:10,9.96
2026-05-10 06:18,9.95
2026-05-10 06:34,9.94
2026-05-10 07:00,9.93
2026-05-10 10:17,9.94
2026-05-10 15:25,9.98
2026-05-10 16:01,9.99
2026-05-10 16:22,9.98
2026-05-10 17:41,9.97
2026-05-10 18:20,9.98
2026-05-10 19:32,9.99
2026-05-11 03:36,10
2026-05-11 04:06,9.98
2026-05-11 06:07,9.97
2026-05-11 06:27,9.98
2026-05-11 07:23,9.97
2026-05-11 07:43,9.98
2026-05-11 08:06,9.99
2026-05-11 11:16,10
2026-05-11 12:25,10.01
2026-05-11 13:14,10.03
2026-05-11 19:24,10.04
2026-05-11 21:18,10.05
2026-05-12 02:08,10.04
2026-05-12 03:34,10.05
2026-05-12 06:04,10.06
2026-05-12 06:20,10.05
2026-05-12 08:10,10.06
2026-05-12 09:10,10.04
2026-05-12 11:09,10.02
2026-05-12 11:39,10.03
2026-05-12 11:57,10.02
2026-05-12 12:06,10.03
2026-05-12 12:32,10.02
2026-05-12 14:18,10.01
2026-05-12 16:08,10.02
2026-05-12 23:37,10.03
2026-05-13 01:16,10.02
2026-05-13 03:16,10.03
2026-05-13 03:44,10.01
2026-05-13 06:47,10
2026-05-13 07:08,10.01
2026-05-13 07:25,10
2026-05-13 07:57,10.01
2026-05-13 09:08,10.02
2026-05-13 09:27,10.01
2026-05-13 09:37,10.02
2026-05-13 12:22,10.03
2026-05-13 12:32,10.02
2026-05-13 21:00,10.03
2026-05-14 03:24,10.02
2026-05-14 03:43,10.03
2026-05-14 06:47,10.02
2026-05-14 07:40,10.04
2026-05-14 10:40,10.05
2026-05-14 13:37,10.07
2026-05-14 14:39,10.06
2026-05-14 16:21,10.07
2026-05-14 21:14,10.09
2026-05-14 21:51,10.1
2026-05-14 22:28,10.09
2026-05-15 03:10,10.08
2026-05-15 06:03,10.06
2026-05-15 09:55,10.05
2026-05-15 12:45,10.06
2026-05-15 13:32,10.05
2026-05-15 14:15,10.06
2026-05-15 14:27,10.05
2026-05-15 14:46,10.06
2026-05-15 15:20,10.07
2026-05-15 18:57,10.06
2026-05-15 19:27,10.07
2026-05-16 03:30,10.05
2026-05-16 04:57,10.03
2026-05-16 05:51,10.04
2026-05-16 06:20,10.03
2026-05-16 07:01,10.04
2026-05-16 07:17,10.03
2026-05-16 09:58,10.04
2026-05-16 15:12,10.05
2026-05-16 15:26,10.04
2026-05-16 18:39,10.05
2026-05-17 03:24,10.04
2026-05-17 14:34,10.06
2026-05-17 18:29,10.08
2026-05-17 21:26,10.07
2026-05-17 23:30,10.08
2026-05-18 02:10,10.06
2026-05-18 04:06,10.04
2026-05-18 04:16,10.05
2026-05-18 04:26,10.04
2026-05-18 04:39,10.05
2026-05-18 05:36,10.06
2026-05-18 09:18,10.05
2026-05-18 12:28,10.06
2026-05-18 14:26,10.07
2026-05-18 14:53,10.06
2026-05-19 02:43,10.07
2026-05-19 05:45,10.06
2026-05-19 06:04,10.07
2026-05-19 06:18,10.06
2026-05-19 07:24,10.07
2026-05-19 10:12,10.06
2026-05-19 10:26,10.07
2026-05-19 17:53,10.08
2026-05-20 02:49,10.09
2026-05-20 04:08,10.08
2026-05-20 04:55,10.09
2026-05-20 05:26,10.08
2026-05-20 09:00,10.06
2026-05-20 10:13,10.07
2026-05-20 11:57,10.06
2026-05-20 14:20,10.07
2026-05-20 16:17,10.06
2026-05-20 16:44,10.07
2026-05-21 03:30,10.06
2026-05-21 08:24,10.04
2026-05-21 11:10,10.03
2026-05-21 14:22,10.01
2026-05-21 15:20,9.98
2026-05-21 15:32,9.99
2026-05-21 15:37,10.01
2026-05-21 16:00,10.02
2026-05-21 19:06,10.03
2026-05-21 19:39,10.02
2026-05-21 20:18,10.03
2026-05-21 22:02,10.02
2026-05-22 05:57,10
2026-05-22 11:04,10.01
2026-05-22 11:24,10
2026-05-23 06:58,9.99
2026-05-23 12:40,9.98
2026-05-23 13:55,9.99
2026-05-23 14:26,10
2026-05-23 19:32,10.01
2026-05-24 02:51,10
2026-05-24 05:18,10.01
2026-05-24 05:41,10
2026-05-24 09:06,10.01
2026-05-24 09:18,10
2026-05-24 14:37,10.01
2026-05-24 15:31,10
2026-05-24 15:41,10.02
2026-05-25 05:33,10.01
2026-05-25 06:49,10
2026-05-25 12:20,10.01
2026-05-25 12:38,10
2026-05-25 12:58,10.01
2026-05-25 16:00,10.02
2026-05-25 16:05,10.01
2026-05-25 19:07,10.02
2026-05-26 04:04,10.01
2026-05-26 05:22,10
2026-05-26 05:37,10.01
2026-05-26 06:18,10
2026-05-26 09:51,9.99
2026-05-26 14:57,9.98
2026-05-26 16:21,9.99
2026-05-26 16:28,9.98
2026-05-26 17:51,9.97
2026-05-26 18:43,9.98
2026-05-27 04:02,9.96
2026-05-27 04:57,9.94
2026-05-27 05:29,9.95
2026-05-27 09:17,9.94
2026-05-27 09:47,9.95
2026-05-27 09:52,9.94
2026-05-27 10:02,9.95
2026-05-27 10:07,9.94
2026-05-27 11:04,9.95
2026-05-27 13:14,9.96
2026-05-27 15:22,9.98
2026-05-27 16:04,9.99
2026-05-27 18:44,9.98
2026-05-28 07:18,9.99
2026-05-28 07:41,9.98
2026-05-28 07:55,9.99
2026-05-28 08:14,9.98
2026-05-28 13:29,9.97
2026-05-28 14:02,9.98
2026-05-28 17:20,9.97
2026-05-28 18:02,9.98
2026-05-29 04:14,9.97
2026-05-29 07:49,9.96
2026-05-29 08:02,9.97
2026-05-29 10:53,9.98
2026-05-29 10:58,9.97
2026-05-29 11:39,9.98
2026-05-29 20:16,9.97
2026-05-30 04:37,9.96
2026-05-30 04:53,9.97
2026-05-30 06:49,9.96
2026-05-30 07:07,9.97
2026-05-30 07:24,9.96
2026-05-30 07:31,9.97
2026-05-30 07:47,9.96
2026-05-30 08:43,9.97
2026-05-30 10:06,9.98
2026-05-30 10:51,9.97
2026-05-30 13:02,9.96
2026-05-30 21:51,9.95
2026-05-31 02:12,9.96
2026-05-31 02:30,9.95
2026-05-31 07:10,9.94
2026-05-31 09:30,9.95
2026-05-31 10:37,9.94
2026-05-31 16:19,9.95
2026-05-31 17:20,9.94
2026-05-31 19:51,9.95
2026-06-01 04:04,9.94
2026-06-01 04:26,9.95
2026-06-01 04:39,9.94
2026-06-01 04:55,9.95
2026-06-01 05:10,9.93
2026-06-01 08:12,9.92
2026-06-01 11:46,9.93
2026-06-01 19:07,9.94
2026-06-02 04:06,9.93
2026-06-02 07:26,9.94
2026-06-02 07:38,9.93
2026-06-02 07:49,9.94
2026-06-02 08:32,9.93
2026-06-02 10:49,9.95
2026-06-02 13:47,9.97
2026-06-02 14:21,9.96
2026-06-02 15:26,9.95
2026-06-02 15:34,9.96
2026-06-03 03:36,9.95
2026-06-03 10:12,9.96
2026-06-03 10:22,9.95
2026-06-03 10:30,9.96
2026-06-03 11:13,9.95
2026-06-03 11:39,9.97
2026-06-03 13:51,9.99
2026-06-03 14:20,9.98
2026-06-03 14:48,9.97
2026-06-03 15:47,9.96
2026-06-03 16:54,9.98
2026-06-03 18:41,10
2026-06-03 19:17,9.99
2026-06-03 19:45,10
2026-06-03 20:07,9.99
2026-06-04 05:26,9.98
2026-06-04 05:55,9.99
2026-06-04 06:12,9.98
2026-06-04 08:09,9.97
2026-06-04 08:40,9.98
2026-06-04 09:12,9.97
2026-06-04 13:40,9.96
2026-06-04 13:48,9.97
2026-06-05 07:00,9.98
2026-06-05 08:34,9.99
2026-06-05 10:00,9.98
2026-06-05 10:10,9.99
2026-06-05 10:19,9.98
2026-06-05 12:11,9.97
2026-06-05 13:48,9.98
2026-06-05 18:43,9.97
2026-06-06 08:00,9.96
2026-06-06 11:43,9.97
2026-06-06 11:57,9.96
2026-06-06 17:18,9.97
2026-06-06 18:10,9.96
2026-06-06 19:49,9.97
2026-06-07 06:23,9.96
2026-06-07 06:41,9.97
2026-06-07 10:06,9.96
2026-06-07 14:15,9.97
2026-06-07 14:50,9.96
2026-06-07 15:18,9.97
2026-06-07 15:26,9.96
2026-06-08 03:20,9.97
2026-06-08 04:05,9.96
2026-06-08 04:26,9.97
2026-06-08 04:45,9.96
2026-06-08 05:55,9.95
2026-06-08 06:07,9.96
2026-06-08 08:04,9.95
2026-06-08 08:09,9.96
2026-06-08 12:32,9.97
2026-06-08 15:51,9.96
2026-06-08 16:12,9.97
2026-06-08 17:37,9.96
2026-06-08 17:47,9.97
2026-06-08 18:20,9.96
2026-06-08 18:48,9.97
2026-06-09 04:16,9.96
2026-06-09 05:49,9.97
2026-06-09 06:37,9.96
2026-06-09 08:27,9.97
2026-06-09 09:22,9.96
2026-06-09 09:26,9.97
2026-06-09 09:41,9.96
2026-06-09 12:23,9.95
2026-06-09 12:32,9.96
2026-06-09 15:33,9.95
2026-06-09 16:12,9.96
2026-06-10 04:43,9.95
2026-06-10 05:45,9.96
2026-06-10 10:05,9.95
2026-06-10 15:32,9.94
2026-06-10 17:40,9.95
2026-06-11 04:47,9.94
2026-06-11 05:39,9.95
2026-06-11 06:06,9.94
2026-06-11 07:30,9.93
2026-06-11 09:14,9.92
2026-06-11 12:37,9.93
2026-06-12 03:53,9.92
2026-06-12 05:06,9.93
2026-06-12 06:22,9.92
2026-06-12 12:06,9.91
2026-06-12 16:41,9.92
2026-06-12 17:28,9.91
2026-06-12 17:51,9.92
2026-06-12 19:15,9.91
2026-06-13 05:08,9.92
2026-06-13 06:18,9.91
2026-06-13 09:26,9.92
2026-06-13 10:21,9.91
2026-06-13 13:24,9.92
2026-06-13 13:45,9.91
2026-06-13 13:54,9.92
2026-06-13 14:24,9.91
2026-06-13 14:38,9.92
2026-06-15 06:50,9.91
2026-06-15 17:39,9.92
2026-06-16 06:19,9.91
2026-06-16 06:39,9.92
2026-06-16 06:51,9.91
2026-06-16 08:21,9.91
2026-06-16 12:18,9.9
2026-06-16 14:25,9.91
2026-06-16 14:55,9.9
2026-06-16 19:37,9.91
2026-06-17 04:43,9.9
2026-06-17 06:48,9.87
2026-06-17 07:12,9.86
2026-06-17 09:41,9.87
2026-06-17 12:24,9.88
2026-06-17 12:34,9.87
2026-06-17 13:06,9.88
2026-06-17 13:28,9.87
2026-06-17 13:37,9.88
2026-06-17 13:55,9.87
2026-06-17 14:43,9.88
2026-06-17 16:53,9.87
2026-06-17 17:14,9.88
2026-06-18 03:12,9.89
2026-06-18 05:15,9.88
2026-06-18 06:32,9.87
2026-06-18 06:57,9.88
2026-06-19 06:30,9.89
2026-06-19 08:45,9.91
2026-06-19 13:00,9.92
2026-06-19 15:05,9.95
2026-06-19 16:26,9.98
2026-06-19 17:00,9.99
2026-06-19 19:24,10.01
2026-06-20 00:53,10.02
2026-06-20 02:45,10.09
2026-06-20 03:24,10.04
2026-06-20 03:47,10.06
2026-06-20 04:06,10.07
2026-06-20 04:39,10.08
2026-06-20 04:55,10.07
2026-06-20 05:18,10.05
2026-06-20 05:29,10.02
2026-06-20 07:10,9.99
2026-06-20 07:24,9.96
2026-06-20 07:47,9.98
2026-06-20 08:16,9.99
2026-06-20 10:42,9.98
2026-06-20 14:47,9.97
2026-06-20 15:30,9.96
2026-06-20 17:05,9.95
2026-06-20 19:45,9.96
2026-06-20 20:41,9.95
2026-06-21 05:06,9.96
2026-06-21 09:45,9.95
2026-06-21 12:00,9.96
2026-06-21 20:34,9.97
2026-06-22 03:04,9.96
2026-06-22 04:43,9.97
2026-06-22 08:16,9.98
2026-06-22 08:32,9.97
2026-06-22 08:43,9.98
2026-06-22 11:21,9.97
2026-06-22 12:32,9.96
2026-06-22 13:04,9.97
2026-06-22 13:30,9.96
2026-06-22 14:14,9.97
2026-06-22 15:41,9.96
2026-06-22 17:26,9.97
2026-06-22 17:49,9.96
2026-06-22 18:24,9.97
2026-06-23 04:47,9.96
2026-06-23 05:57,9.94
2026-06-23 09:51,9.92
2026-06-23 12:22,9.91
2026-06-23 13:26,9.92
2026-06-23 13:57,9.91
2026-06-23 14:32,9.92
2026-06-24 05:55,9.9
2026-06-24 10:33,9.91
2026-06-24 10:49,9.9
2026-06-24 14:00,9.91
2026-06-24 14:08,9.9
2026-06-24 14:57,9.91
2026-06-24 18:41,9.92
2026-06-25 03:51,9.9
2026-06-25 07:12,9.88
2026-06-25 09:07,9.86
2026-06-25 10:26,9.87
2026-06-25 10:55,9.88
2026-06-25 11:24,9.87
2026-06-25 14:06,9.88
2026-06-25 15:47,9.9
2026-06-25 16:28,9.89
2026-06-25 16:57,9.9
2026-06-26 05:10,9.89
2026-06-26 05:36,9.88
2026-06-26 05:57,9.87
2026-06-26 08:04,9.88
2026-06-26 10:02,9.87
2026-06-26 10:34,9.88
2026-06-26 10:56,9.89
2026-06-26 11:19,9.88
2026-06-26 11:37,9.9
2026-06-26 12:56,9.91
2026-06-26 13:39,9.92
2026-06-26 14:51,9.94
2026-06-26 15:24,9.96
2026-06-26 15:34,10
2026-06-26 15:46,10.01
2026-06-26 16:04,9.98
2026-06-26 17:17,9.96
2026-06-26 18:50,9.95
2026-06-26 19:49,9.98
2026-06-26 20:55,9.99
2026-06-27 02:47,9.98
2026-06-27 03:10,9.99
2026-06-27 03:41,9.97
2026-06-27 05:02,9.95
2026-06-27 05:41,9.94
2026-06-27 06:42,9.93
2026-06-27 07:27,9.91
2026-06-27 11:37,9.93
2026-06-27 11:49,9.92
2026-06-27 12:18,9.93
2026-06-27 15:06,9.92
2026-06-27 15:16,9.93
2026-06-27 15:47,9.92
2026-06-27 16:56,9.93
2026-06-28 03:22,9.92
2026-06-28 10:06,9.9
2026-06-28 11:23,9.91
2026-06-28 11:37,9.9
2026-06-28 11:47,9.91
2026-06-28 13:26,9.9
2026-06-28 13:37,9.91
2026-06-28 14:00,9.9
2026-06-28 14:57,9.91
2026-06-28 15:51,9.9
2026-06-28 17:31,9.89
2026-06-29 03:18,9.88
2026-06-29 03:51,9.84
2026-06-29 04:07,9.87
2026-06-29 05:20,9.86
2026-06-29 05:57,9.88
2026-06-29 07:57,9.89
2026-06-29 08:58,9.88
2026-06-29 09:53,9.89
2026-06-29 10:14,9.88
2026-06-29 11:41,9.9
2026-06-29 12:55,9.91
2026-06-29 14:12,9.92
2026-06-29 16:18,9.94
2026-06-29 16:35,9.93
2026-06-30 06:59,9.94
2026-06-30 08:25,9.95
2026-06-30 09:43,9.96
2026-06-30 12:18,9.97
2026-06-30 14:00,9.98
2026-06-30 14:43,9.97
2026-06-30 15:47,9.96
2026-06-30 16:18,9.97
2026-07-01 06:30,9.99
2026-07-01 08:53,10.01
2026-07-01 11:12,10.02
2026-07-01 12:08,10.03
2026-07-01 13:26,10.02
2026-07-01 13:34,10.03
2026-07-01 14:45,10.02
2026-07-01 15:17,10.01
2026-07-01 15:37,10.02
2026-07-01 17:11,10.01
2026-07-01 19:42,10.02
2026-07-02 04:10,10.03
2026-07-02 05:32,10.02
2026-07-02 06:34,10.01
2026-07-02 07:06,10
2026-07-02 11:37,9.99
2026-07-02 11:49,9.98
2026-07-03 03:57,9.97
2026-07-03 06:31,9.98
2026-07-03 08:20,9.97
2026-07-03 08:29,9.98
2026-07-03 10:26,10
2026-07-03 19:24,10.01
2026-07-04 05:28,10
2026-07-04 05:55,10.01
2026-07-04 10:22,10.02
2026-07-04 11:15,10.01
2026-07-04 11:41,10.02
2026-07-04 13:06,10.01
2026-07-04 14:24,10
2026-07-04 15:01,10.01
2026-07-04 15:28,10.02
2026-07-04 15:49,10.01
2026-07-04 19:43,10.02
2026-07-05 04:14,10.01
2026-07-05 07:18,10
2026-07-05 08:00,9.99
2026-07-05 11:38,9.98
2026-07-05 11:47,9.99
2026-07-05 13:36,10
2026-07-05 18:09,10.01
2026-07-06 03:10,10.02
2026-07-06 04:10,10.01
2026-07-06 05:16,10
2026-07-06 05:28,10.01
2026-07-06 08:20,10.02
2026-07-06 10:05,10.01
2026-07-06 11:25,10.02
2026-07-06 18:09,10.03
2026-07-06 20:01,10.04
2026-07-07 05:24,10.05
2026-07-07 05:51,10.06
2026-07-07 05:57,10.07
2026-07-07 07:00,10.06
2026-07-07 07:09,10.07
2026-07-07 07:41,10.06
2026-07-07 08:20,10.07
2026-07-07 10:45,10.06
2026-07-07 11:00,10.07
2026-07-07 13:53,10.08
2026-07-07 14:14,10.11
2026-07-07 14:55,10.13
2026-07-07 15:12,10.12
2026-07-07 15:28,10.13
2026-07-07 17:22,10.15
2026-07-07 18:00,10.18
2026-07-07 19:02,10.22
2026-07-07 19:32,10.26
2026-07-07 20:08,10.24
2026-07-07 20:26,10.2
2026-07-07 21:34,10.22
2026-07-08 00:02,10.23
2026-07-08 00:26,10.21
2026-07-08 01:26,10.2
2026-07-08 03:53,10.22
2026-07-08 04:12,10.23
2026-07-08 04:34,10.22
2026-07-08 04:59,10.24
2026-07-08 05:30,10.23
2026-07-08 05:47,10.21
2026-07-08 06:06,10.18
2026-07-08 06:34,10.17
2026-07-08 06:55,10.21
2026-07-08 07:20,10.22
2026-07-08 07:52,10.23
2026-07-08 09:10,10.25
2026-07-08 10:15,10.29
2026-07-08 10:42,10.28
2026-07-08 11:12,10.32
2026-07-08 11:24,10.37
2026-07-08 11:30,10.4
2026-07-08 11:42,10.41
2026-07-08 11:53,10.36
2026-07-08 12:00,10.35
2026-07-08 12:10,10.37
2026-07-08 12:18,10.35
2026-07-08 12:32,10.34
2026-07-08 13:22,10.36
2026-07-08 14:37,10.34
2026-07-08 15:29,10.31
2026-07-08 15:46,10.3
2026-07-08 15:53,10.32
2026-07-08 16:30,10.33
2026-07-08 17:01,10.34
2026-07-08 17:25,10.35
2026-07-08 19:38,10.36
2026-07-08 20:16,10.38
2026-07-08 21:00,10.42
2026-07-08 21:24,10.47
2026-07-08 22:06,10.44
2026-07-08 22:30,10.45
2026-07-09 01:57,10.43
2026-07-09 02:16,10.42
2026-07-09 04:16,10.4
2026-07-09 04:45,10.39
2026-07-09 05:10,10.37
2026-07-09 06:04,10.39
2026-07-09 06:25,10.42
2026-07-09 06:36,10.45
2026-07-09 06:47,10.46
2026-07-09 07:02,10.48
2026-07-09 07:08,10.49
2026-07-09 07:32,10.52
2026-07-09 07:39,10.55
2026-07-09 07:51,10.52
2026-07-09 08:41,10.53
2026-07-09 09:04,10.51
2026-07-09 09:34,10.48
2026-07-09 09:57,10.45
2026-07-09 10:16,10.46
2026-07-09 10:26,10.49
2026-07-09 10:41,10.48
2026-07-09 11:06,10.49
2026-07-09 11:51,10.5
2026-07-09 12:26,10.49
2026-07-09 13:37,10.48
2026-07-09 14:35,10.49
2026-07-09 15:30,10.5
2026-07-09 16:16,10.53
2026-07-09 16:27,10.57
2026-07-09 16:33,10.6
2026-07-09 16:59,10.57
2026-07-09 17:37,10.58
2026-07-09 19:04,10.59
2026-07-09 21:15,10.58
2026-07-10 03:24,10.57
2026-07-10 05:49,10.56
2026-07-10 06:49,10.57
2026-07-10 07:39,10.6
2026-07-10 07:44,10.63
2026-07-10 08:04,10.64
2026-07-10 09:08,10.66
2026-07-10 09:17,10.67
2026-07-10 10:17,10.65
2026-07-10 10:34,10.62
2026-07-10 10:47,10.61
2026-07-10 11:09,10.63
2026-07-10 11:55,10.62
2026-07-10 12:50,10.59
2026-07-10 14:33,10.6
2026-07-10 17:07,10.63
2026-07-10 20:24,10.64
2026-07-11 03:18,10.63
2026-07-11 05:24,10.62
2026-07-11 05:51,10.61
2026-07-11 08:24,10.63
2026-07-11 09:59,10.64
2026-07-11 11:34,10.62
2026-07-11 11:45,10.61
2026-07-11 11:53,10.62
2026-07-11 12:06,10.61
2026-07-11 12:26,10.62
2026-07-11 12:39,10.6
2026-07-11 12:55,10.59
2026-07-11 13:22,10.58
2026-07-11 14:22,10.57
2026-07-11 14:37,10.58
2026-07-11 14:52,10.56
2026-07-11 15:07,10.52
2026-07-11 15:23,10.45
2026-07-11 15:28,10.48
2026-07-11 15:37,10.46
2026-07-11 15:46,10.44
2026-07-11 16:01,10.45
2026-07-11 16:13,10.48
2026-07-11 16:25,10.5
2026-07-11 17:06,10.48
2026-07-11 18:30,10.49
2026-07-11 20:26,10.5
2026-07-11 23:12,10.51
2026-07-12 02:47,10.5
2026-07-12 03:47,10.49
2026-07-12 04:12,10.48
2026-07-12 04:22,10.47
2026-07-12 04:39,10.45
2026-07-12 05:51,10.43
2026-07-12 08:12,10.45
2026-07-12 10:05,10.43
2026-07-12 12:12,10.42
2026-07-12 14:57,10.44
2026-07-12 15:49,10.46
2026-07-12 16:20,10.48
2026-07-12 16:45,10.49
2026-07-12 17:20,10.52
2026-07-12 18:22,10.54
2026-07-12 19:19,10.53
2026-07-12 20:41,10.54
2026-07-13 00:28,10.55
2026-07-13 02:24,10.53
2026-07-13 03:32,10.51
2026-07-13 04:02,10.49
2026-07-13 04:26,10.47
2026-07-13 04:49,10.48
2026-07-13 05:30,10.5
2026-07-13 05:46,10.51
2026-07-13 05:58,10.52
2026-07-13 06:08,10.54
2026-07-13 06:22,10.52
2026-07-13 06:34,10.51
2026-07-13 07:01,10.5
2026-07-13 07:53,10.48
2026-07-13 08:31,10.49
2026-07-13 08:57,10.5
2026-07-13 09:49,10.49
2026-07-13 10:23,10.5
2026-07-13 12:02,10.52
2026-07-13 14:31,10.54
2026-07-13 15:10,10.53
2026-07-13 15:38,10.52
2026-07-13 15:49,10.53
2026-07-13 16:37,10.54
2026-07-13 17:06,10.55
2026-07-13 17:41,10.57
2026-07-13 18:00,10.56
2026-07-13 18:43,10.57
2026-07-13 19:55,10.59
2026-07-14 01:39,10.58
2026-07-14 03:30,10.57
2026-07-14 04:06,10.55
2026-07-14 04:34,10.56
2026-07-14 05:37,10.57
2026-07-14 06:08,10.56
2026-07-14 06:47,10.55
2026-07-14 07:22,10.54
2026-07-14 09:45,10.55
2026-07-14 12:08,10.56
2026-07-14 12:22,10.55
2026-07-14 12:35,10.56
2026-07-14 13:41,10.59
2026-07-14 13:56,10.58
2026-07-14 14:08,10.59
2026-07-14 14:28,10.58
2026-07-14 14:39,10.59
2026-07-14 14:50,10.58
2026-07-14 16:06,10.6
2026-07-14 16:20,10.66
2026-07-14 16:29,10.67
2026-07-14 16:35,10.66
2026-07-15 03:37,10.64
2026-07-15 04:12,10.63
2026-07-15 04:32,10.64
2026-07-15 05:34,10.65
2026-07-15 05:55,10.67
2026-07-15 06:39,10.66
2026-07-15 08:02,10.67
2026-07-15 08:28,10.68
2026-07-15 09:12,10.7
2026-07-15 10:34,10.72
2026-07-15 10:49,10.73
2026-07-15 11:49,10.75
2026-07-15 12:32,10.76
2026-07-15 13:16,10.75
2026-07-15 13:47,10.76
2026-07-15 14:38,10.73
2026-07-15 15:18,10.7
2026-07-15 16:18,10.69
2026-07-15 16:23,10.7
2026-07-15 18:53,10.74
2026-07-16 03:26,10.73
2026-07-16 04:06,10.74
2026-07-16 04:39,10.75
2026-07-16 10:34,10.74
2026-07-16 10:43,10.75
2026-07-16 15:14,10.74
2026-07-16 16:37,10.73
2026-07-16 16:49,10.74
2026-07-16 16:58,10.73
2026-07-17 01:34,10.74
2026-07-17 02:24,10.73
2026-07-17 03:57,10.72
2026-07-17 04:12,10.73
2026-07-17 07:14,10.74
2026-07-17 12:43,10.73
2026-07-17 14:49,10.72
2026-07-17 16:20,10.74
2026-07-17 16:42,10.75
2026-07-17 17:24,10.79
2026-07-17 20:55,10.81
2026-07-18 01:26,10.82
2026-07-18 02:02,10.81
2026-07-18 06:45,10.78
2026-07-18 07:34,10.76
2026-07-18 07:55,10.77
2026-07-18 09:28,10.75
2026-07-18 11:00,10.73
2026-07-18 11:32,10.75
2026-07-18 14:18,10.77
2026-07-18 15:39,10.76
2026-07-18 17:05,10.78
2026-07-19 02:43,10.77
2026-07-19 03:47,10.76
2026-07-19 04:30,10.78
2026-07-19 05:43,10.79
2026-07-19 09:32,10.78
2026-07-19 11:33,10.79
2026-07-19 12:21,10.8
2026-07-19 13:41,10.79
2026-07-19 16:14,10.8
2026-07-19 16:39,10.79
2026-07-19 16:53,10.8
2026-07-19 18:49,10.81
2026-07-20 03:16,10.82
2026-07-20 03:47,10.81
2026-07-20 04:14,10.8
2026-07-20 06:20,10.81
2026-07-20 06:53,10.83
2026-07-20 07:39,10.85
2026-07-20 08:30,10.86
2026-07-20 08:42,10.88
2026-07-20 09:30,10.89
2026-07-20 11:16,10.92
2026-07-20 11:24,10.97
2026-07-20 11:29,11
2026-07-20 12:02,10.98
2026-07-20 12:09,10.95
2026-07-20 13:06,10.96
2026-07-20 13:32,10.97
2026-07-20 13:53,10.99
2026-07-20 16:17,11
2026-07-20 16:30,10.99
2026-07-20 16:53,11
2026-07-20 17:51,11.02
2026-07-20 18:22,11.06
2026-07-20 19:30,11.1
2026-07-20 20:02,11.14
2026-07-20 20:26,11.27
2026-07-20 20:43,11.33
2026-07-20 21:02,11.17
2026-07-20 21:24,11.18
2026-07-20 22:49,11.17
2026-07-20 23:49,11.18
2026-07-21 01:04,11.21
2026-07-21 01:47,11.2
2026-07-21 02:12,11.18
2026-07-21 02:55,11.17
2026-07-21 03:24,11.14
2026-07-21 03:43,11.1
2026-07-21 04:00,11.05
2026-07-21 04:20,11.06
2026-07-21 04:37,11.1
2026-07-21 04:51,11.12
2026-07-21 05:04,11.15
2026-07-21 05:51,11.13
2026-07-21 05:58,11.11
2026-07-21 06:41,11.09
2026-07-21 07:06,11.1
2026-07-21 07:48,11.12
2026-07-21 08:08,11.13
2026-07-21 08:32,11.14
2026-07-21 08:54,11.16
2026-07-21 09:26,11.17
2026-07-21 09:53,11.19
2026-07-21 10:51,11.2
2026-07-21 12:02,11.19
2026-07-21 12:22,11.2
2026-07-21 13:47,11.22
2026-07-21 14:26,11.25
2026-07-21 15:24,11.27
2026-07-21 15:27,11.36
2026-07-21 15:34,11.37
2026-07-21 15:42,11.31
2026-07-21 15:53,11.33
2026-07-21 16:00,11.35
2026-07-21 16:05,11.37
2026-07-21 16:18,11.35
2026-07-21 17:20,11.38
2026-07-21 17:39,11.41
2026-07-21 18:07,11.43
2026-07-21 18:49,11.48
2026-07-21 20:00,11.45
2026-07-21 20:43,11.4
2026-07-21 21:51,11.41
2026-07-21 23:22,11.43
2026-07-21 23:39,11.44
2026-07-22 02:51,11.39
2026-07-22 03:16,11.4
2026-07-22 03:37,11.42
2026-07-22 04:10,11.41
2026-07-22 05:02,11.44
2026-07-22 05:14,11.46
2026-07-22 05:24,11.43
2026-07-22 05:57,11.42
2026-07-22 06:37,11.4
2026-07-22 07:34,11.41
2026-07-22 08:53,11.4
2026-07-22 10:22,11.38
2026-07-22 12:16,11.4
2026-07-22 12:37,11.41
2026-07-22 12:55,11.45
2026-07-22 13:14,11.47
2026-07-22 13:51,11.49
2026-07-22 14:22,11.5
2026-07-22 14:41,11.53
2026-07-22 14:54,11.55
2026-07-22 15:20,11.54
2026-07-22 15:27,11.51
2026-07-22 15:44,11.55
2026-07-22 16:06,11.58
2026-07-22 17:25,11.57
2026-07-22 18:06,11.58
2026-07-22 18:59,11.55
2026-07-22 19:22,11.52
2026-07-22 19:44,11.55
2026-07-22 22:04,11.56
2026-07-23 02:32,11.55
2026-07-23 03:12,11.54
2026-07-23 04:18,11.55
2026-07-23 05:12,11.53
2026-07-23 06:06,11.5
2026-07-23 07:12,11.52
2026-07-23 07:55,11.53
2026-07-23 08:20,11.55
2026-07-23 09:33,11.57
2026-07-23 10:26,11.59
2026-07-23 10:49,11.62
2026-07-23 11:12,11.65
2026-07-23 11:57,11.68
2026-07-23 13:10,11.7
2026-07-23 13:43,11.73
2026-07-23 13:49,11.76
2026-07-23 13:59,11.77
2026-07-23 14:21,11.74
2026-07-23 14:39,11.73
2026-07-23 15:10,11.74
2026-07-23 16:00,11.73
2026-07-23 16:26,11.75
2026-07-23 17:08,11.74
2026-07-23 18:30,11.75
2026-07-23 20:06,11.76
2026-07-23 20:37,11.75
2026-07-24 00:16,11.76
2026-07-24 03:34,11.74
2026-07-24 04:14,11.73
2026-07-24 04:30,11.75
2026-07-24 05:43,11.76
2026-07-24 06:14,11.75
2026-07-24 07:07,11.77
2026-07-24 08:48,11.75
2026-07-24 09:14,11.76
2026-07-24 09:26,11.77
2026-07-24 10:12,11.79
2026-07-24 11:24,11.82
2026-07-24 11:42,11.84
2026-07-24 12:12,11.83
2026-07-24 13:06,11.82
2026-07-24 13:45,11.83
2026-07-24 13:53,11.82
2026-07-24 14:10,11.83
2026-07-24 14:42,11.82
2026-07-24 15:00,11.81
2026-07-24 15:36,11.83
2026-07-24 16:32,11.81
2026-07-24 18:54,11.83
2026-07-24 19:30,11.82
2026-07-25 06:08,11.8
2026-07-25 07:02,11.79
2026-07-25 07:22,11.76
2026-07-25 07:37,11.74
2026-07-25 07:57,11.76
2026-07-25 08:39,11.77
2026-07-25 09:34,11.76
2026-07-25 10:17,11.74
2026-07-25 10:50,11.71
2026-07-25 11:27,11.69
2026-07-25 11:47,11.67
2026-07-25 12:03,11.63
2026-07-25 12:10,11.59
2026-07-25 12:18,11.64
2026-07-25 12:26,11.63
2026-07-25 12:34,11.57
2026-07-25 13:12,11.59
2026-07-25 13:26,11.63
2026-07-25 13:43,11.61
2026-07-25 13:49,11.57
2026-07-25 14:16,11.54
2026-07-25 14:22,11.5
2026-07-25 14:30,11.47
2026-07-25 14:43,11.49
2026-07-25 15:08,11.48
2026-07-25 15:32,11.46
2026-07-25 15:40,11.44
2026-07-25 16:08,11.46
2026-07-25 16:21,11.49
2026-07-25 16:27,11.54
2026-07-25 16:34,11.62
2026-07-25 16:45,11.61
2026-07-25 16:51,11.54
2026-07-25 16:59,11.57
2026-07-25 17:12,11.55
2026-07-25 17:18,11.56
2026-07-25 17:24,11.59
2026-07-25 19:09,11.61
2026-07-25 19:52,11.63
2026-07-26 01:16,11.62
2026-07-26 02:37,11.61
2026-07-26 03:43,11.62
2026-07-26 04:10,11.6
2026-07-26 04:25,11.59
2026-07-26 04:56,11.58
2026-07-26 05:16,11.56
2026-07-26 06:06,11.54
2026-07-26 06:35,11.56
2026-07-26 07:01,11.57
2026-07-26 07:13,11.56
2026-07-26 07:28,11.57
2026-07-26 07:47,11.58
2026-07-26 07:57,11.59
2026-07-26 08:12,11.58
2026-07-26 09:24,11.57
2026-07-26 09:49,11.58
2026-07-26 10:55,11.59
2026-07-26 11:18,11.58
2026-07-26 12:37,11.6
2026-07-26 13:57,11.62
2026-07-26 14:16,11.64
2026-07-26 14:24,11.67
2026-07-26 14:29,11.68
2026-07-26 14:41,11.69
2026-07-26 15:10,11.71
2026-07-26 15:21,11.75
2026-07-26 15:37,11.74
2026-07-26 16:00,11.71
2026-07-26 16:39,11.69
2026-07-26 16:52,11.68
2026-07-26 17:24,11.69
2026-07-26 18:11,11.7
2026-07-27 02:49,11.67
2026-07-27 03:32,11.64
2026-07-27 03:57,11.65
2026-07-27 04:08,11.66
2026-07-27 04:32,11.65
2026-07-27 05:02,11.62
2026-07-27 05:18,11.63
2026-07-27 05:41,11.65
2026-07-27 06:11,11.63
2026-07-27 06:41,11.61
2026-07-27 07:08,11.6
2026-07-27 08:43,11.63
2026-07-27 08:55,11.66
2026-07-27 09:08,11.65
2026-07-27 10:00,11.64
2026-07-27 10:32,11.62
2026-07-27 11:10,11.63
2026-07-27 11:39,11.64
2026-07-27 11:51,11.63
2026-07-27 13:18,11.61
2026-07-27 14:16,11.62
2026-07-27 14:56,11.6
2026-07-27 16:08,11.62
2026-07-27 16:16,11.64
2026-07-27 16:35,11.66
2026-07-27 17:39,11.64
2026-07-27 18:08,11.65
2026-07-27 19:32,11.67
2026-07-27 21:37,11.68
2026-07-27 22:39,11.69
2026-07-27 23:47,11.68
2026-07-28 01:41,11.69
2026-07-28 02:12,11.7
2026-07-28 02:55,11.68
2026-07-28 03:41,11.66
2026-07-28 04:05,11.64
2026-07-28 05:37,11.63
2026-07-28 06:14,11.62
2026-07-28 07:37,11.63
2026-07-28 08:41,11.64
2026-07-28 09:25,11.65
2026-07-28 10:01,11.64
2026-07-28 10:09,11.66
2026-07-28 10:37,11.69
2026-07-28 11:24,11.71
2026-07-28 11:30,11.72
2026-07-28 11:34,11.73
2026-07-28 11:39,11.74
2026-07-28 11:40,11.73
2026-07-28 11:43,11.75
2026-07-28 11:53,11.77
2026-07-28 12:02,11.78
2026-07-28 12:04,11.77
2026-07-28 12:08,11.78
2026-07-28 12:20,11.79
2026-07-28 12:24,11.78
2026-07-28 12:27,11.79
2026-07-28 12:32,11.78
2026-07-28 12:41,11.79
2026-07-28 12:43,11.78
2026-07-28 12:48,11.77
2026-07-28 12:53,11.76
2026-07-28 13:00,11.75
2026-07-28 13:06,11.74
2026-07-28 13:08,11.73
2026-07-28 13:12,11.72
2026-07-28 13:16,11.73
2026-07-28 13:22,11.74
2026-07-28 13:23,11.75
2026-07-28 14:42,11.76
2026-07-28 14:45,11.75
2026-07-28 14:47,11.76
2026-07-28 15:41,11.75
2026-07-28 15:53,11.76
2026-07-28 16:06,11.77
2026-07-28 16:08,11.78
2026-07-28 16:10,11.79
2026-07-28 16:14,11.8
2026-07-28 16:18,11.82
2026-07-28 16:20,11.83
2026-07-28 16:21,11.84
2026-07-28 16:25,11.85
2026-07-28 16:35,11.84
2026-07-28 18:12,11.86
2026-07-28 18:18,11.87
2026-07-28 18:24,11.86
2026-07-28 18:30,11.88
2026-07-28 18:35,11.9
2026-07-28 18:53,11.92
2026-07-28 19:18,11.91
2026-07-28 19:30,11.9
2026-07-28 19:37,11.89
2026-07-28 19:43,11.9
2026-07-28 19:49,11.89
2026-07-28 19:55,11.9
2026-07-28 20:07,11.91
2026-07-28 20:14,11.9
2026-07-28 21:04,11.91
2026-07-28 21:16,11.92
2026-07-28 22:06,11.91
2026-07-28 22:12,11.92
2026-07-28 22:30,11.93
2026-07-29 00:02,11.92
2026-07-29 00:39,11.93
2026-07-29 00:57,11.92
2026-07-29 01:28,11.91
2026-07-29 01:34,11.92
2026-07-29 02:00,11.9
2026-07-29 02:06,11.91
2026-07-29 02:12,11.9
2026-07-29 02:24,11.88
2026-07-29 02:37,11.87
2026-07-29 02:43,11.88
2026-07-29 03:08,11.89
2026-07-29 03:20,11.9
2026-07-29 03:34,11.89
2026-07-29 03:47,11.88
2026-07-29 04:12,11.87
2026-07-29 04:22,11.88
2026-07-29 04:51,11.87
2026-07-29 05:06,11.88
2026-07-29 05:13,11.89
2026-07-29 05:30,11.9
2026-07-29 06:32,11.89
2026-07-29 06:36,11.9
2026-07-29 06:41,11.89
2026-07-29 06:46,11.9
2026-07-29 07:02,11.91
2026-07-29 07:14,11.92
2026-07-29 07:23,11.93
2026-07-29 07:27,11.94
2026-07-29 07:39,11.95
2026-07-29 07:59,11.96
2026-07-29 08:06,11.97
2026-07-29 08:07,11.96
2026-07-29 08:11,11.97
2026-07-29 08:18,11.99
2026-07-29 08:20,11.98
2026-07-29 08:26,11.97
2026-07-29 08:37,11.96
2026-07-29 08:43,11.95
2026-07-29 09:00,11.96
2026-07-29 09:22,11.95
2026-07-29 09:31,11.94
2026-07-29 09:37,11.93
2026-07-29 09:43,11.92
2026-07-29 09:57,11.93
2026-07-29 10:04,11.94
2026-07-29 10:20,11.93
2026-07-29 10:37,11.94
2026-07-29 10:39,11.93
2026-07-29 10:41,11.94
2026-07-29 10:57,11.93
2026-07-29 11:00,11.94
2026-07-29 11:16,11.93
2026-07-29 11:39,11.92
2026-07-29 11:51,11.91
2026-07-29 11:57,11.9
2026-07-29 12:00,11.91
2026-07-29 12:06,11.92
2026-07-29 12:07,11.91
2026-07-29 12:14,11.92
2026-07-29 12:34,11.91
2026-07-29 12:37,11.92
2026-07-29 14:00,11.91
2026-07-29 14:16,11.9
2026-07-29 14:26,11.89
2026-07-29 14:34,11.88
2026-07-29 14:34,11.88
2026-07-29 14:47,11.89
2026-07-29 14:51,11.9
2026-07-29 15:00,11.89
2026-07-29 15:45,11.9
2026-07-29 15:47,11.89
2026-07-29 15:49,11.9
2026-07-29 15:59,11.91
2026-07-29 16:04,11.93
2026-07-29 16:12,11.94
2026-07-29 16:30,11.93
2026-07-29 16:31,11.92
2026-07-29 16:36,11.91
2026-07-29 16:45,11.9
2026-07-29 16:49,11.91
2026-07-29 16:56,11.92
2026-07-29 17:47,11.91
2026-07-29 19:04,11.92
2026-07-29 19:21,11.91
2026-07-29 19:28,11.92
2026-07-29 20:06,11.93
2026-07-30 03:20,11.92
2026-07-30 03:37,11.91
2026-07-30 03:54,11.92
2026-07-30 04:00,11.91
2026-07-30 04:02,11.92
2026-07-30 04:24,11.93
2026-07-30 04:47,11.92
2026-07-30 05:16,11.91
2026-07-30 05:18,11.9
2026-07-30 05:22,11.91
2026-07-30 05:37,11.9
2026-07-30 05:51,11.89
2026-07-30 05:58,11.88
2026-07-30 06:02,11.87
2026-07-30 06:18,11.86
2026-07-30 06:22,11.87
2026-07-30 06:23,11.86
2026-07-30 06:26,11.85
2026-07-30 06:31,11.84
2026-07-30 06:43,11.83
2026-07-30 06:51,11.84
2026-07-30 06:57,11.85
2026-07-30 07:14,11.86
2026-07-30 07:16,11.89
2026-07-30 07:22,11.9
2026-07-30 07:27,11.91
2026-07-30 07:32,11.92
2026-07-30 07:39,11.91
2026-07-30 07:41,11.92
2026-07-30 07:43,11.91
2026-07-30 07:49,11.9
2026-07-30 07:52,11.89
2026-07-30 07:55,11.88
2026-07-30 07:57,11.89
2026-07-30 08:14,11.9
2026-07-30 09:34,11.89
2026-07-30 09:42,11.88
2026-07-30 09:49,11.87
2026-07-30 09:53,11.88
2026-07-30 09:57,11.87
2026-07-30 10:02,11.88
2026-07-30 10:04,11.89
2026-07-30 10:18,11.88
2026-07-30 10:20,11.89
2026-07-30 10:26,11.88
2026-07-30 10:28,11.89
2026-07-30 10:36,11.88
2026-07-30 11:08,11.89
2026-07-30 11:26,11.88
2026-07-30 11:39,11.89
2026-07-30 11:45,11.88
2026-07-30 11:53,11.89
2026-07-30 12:51,11.9
2026-07-30 12:52,11.89
2026-07-30 13:00,11.9
2026-07-30 13:02,11.89
2026-07-30 13:07,11.9
2026-07-30 13:10,11.89
2026-07-30 13:30,11.9
2026-07-30 13:34,11.89
2026-07-30 13:57,11.9
2026-07-30 13:59,11.89
2026-07-30 14:03,11.9
2026-07-30 14:10,11.89
2026-07-30 14:30,11.9
2026-07-30 14:32,11.89
2026-07-30 14:34,11.9
2026-07-30 14:49,11.89
2026-07-30 14:51,11.9
2026-07-30 14:58,11.89
2026-07-30 15:00,11.9
2026-07-30 15:37,11.89
2026-07-30 16:02,11.9
2026-07-30 16:05,11.94
2026-07-30 16:07,11.97
2026-07-30 16:09,11.99
2026-07-30 16:12,12.02
2026-07-30 16:14,12.12
2026-07-30 16:18,12.06
2026-07-30 16:19,12.07
2026-07-30 16:21,12.05
2026-07-30 16:26,12.04
2026-07-30 16:30,12.03
2026-07-30 16:39,12.04
2026-07-30 16:45,12.05
2026-07-30 16:51,12.06
2026-07-30 16:56,12.07
2026-07-30 16:59,12.06
2026-07-30 17:02,12.05
2026-07-30 17:51,12.04
2026-07-30 18:43,12.05
2026-07-30 18:55,12.06
2026-07-30 19:01,12.07
2026-07-30 19:20,12.08
2026-07-30 19:32,12.07
2026-07-30 21:34,12.06
2026-07-30 21:41,12.07
2026-07-30 22:00,12.06
2026-07-30 22:12,12.07
2026-07-31 02:34,12.06
2026-07-31 02:41,12.07
2026-07-31 02:47,12.06
2026-07-31 03:00,12.07
2026-07-31 03:06,12.06
2026-07-31 03:49,12.05
2026-07-31 03:57,12.04
2026-07-31 04:08,12.03
2026-07-31 04:22,12.02
2026-07-31 04:37,12.01
2026-07-31 04:39,12
2026-07-31 04:59,11.99
2026-07-31 05:23,12
2026-07-31 05:28,11.99
2026-07-31 05:34,11.98
2026-07-31 05:37,11.97
2026-07-31 05:45,11.96
2026-07-31 05:51,11.94
2026-07-31 06:12,11.95
2026-07-31 06:16,11.96
2026-07-31 06:20,11.95
2026-07-31 06:28,11.96
2026-07-31 06:30,11.95
2026-07-31 06:37,11.94
2026-07-31 06:39,11.95
2026-07-31 06:40,11.94
2026-07-31 06:43,11.93
2026-07-31 06:57,11.94
2026-07-31 07:12,11.95
2026-07-31 07:15,11.96
2026-07-31 07:20,11.97
2026-07-31 07:22,11.98
2026-07-31 07:24,11.99
2026-07-31 07:28,11.98
2026-07-31 07:34,11.99
2026-07-31 07:47,11.98
2026-07-31 07:53,11.97
2026-07-31 08:08,11.96
2026-07-31 08:21,11.95
2026-07-31 08:24,11.96
2026-07-31 08:34,11.97
2026-07-31 08:37,11.96
2026-07-31 08:45,11.95
2026-07-31 09:02,11.96
2026-07-31 09:22,11.97
2026-07-31 09:24,11.98
2026-07-31 09:25,11.97
2026-07-31 09:30,11.98
2026-07-31 09:43,11.99
2026-07-31 09:47,12
2026-07-31 10:35,12.01
2026-07-31 10:37,12
2026-07-31 10:45,12